page,plate,subindustry,company,rev_2q26,rev_2026,rev_yoy_2q26,rev_yoy_2026,np_2q26,np_2026,np_yoy_2q26,np_yoy_2026,beat,logic,row_top,row_bottom
1,电子,,南亚新材 深南电路,25008000,1000030000,85%41%,91%30%,2381360,10005000,259%57%,316%56%,V,国产算力覆铜板，M10正在给海外大厂送样 BT载板涨价，谷歌核心供应商，AMD核心供应商,0.0905,0.11946
1,电子,,鹏鼎控股,8300,51000,0%,27%,750,5631,1%,47%,,HDI进入英伟达、ASIC放量在即,0.11946,0.13394
1,电子,PCB,景旺电子,4000,19000,7%,24%,280,2200,-14%,79%,,英伟达新进供应商，供货放量在即,0.13394,0.14887
1,电子,PCB,生益电子,3000,13200,37%,39%,500,2500,51%,70%,V,亚马逊核心供应商，交换机PCB开始放量,0.14887,0.1629
1,电子,PCB,广合科技,2500,10000,91%,92%,525,2500,109%,146%,,全球CPU主板核心供应商，AI PCB有望发力,0.1629,0.17783
1,电子,PCB,沪电股份,7500,30000,68%,58%,1550,6500,68%,70%,,深度受益交换机及AI服务器需求强劲,0.17783,0.19231
1,电子,半导体设备/零,北方华创,10880,50283,37%,28%,1700,7091,4%,39%,,半导体设备龙头公司，存储及先进制程占比高，受益于后续存储扩产催化,0.19231,0.22172
1,电子,半导体设备/零,中微公司,3502,16321,26%,32%,945,3132,140%,48%,,刻蚀设备龙头公司，存储厂商扩产弹性最大标的，薄膜沉积新品出货,0.22172,0.25068
1,电子,半导体设备/零,华海清科,1342,5964,29%,28%,336,1425,23%,32%,,CMP龙头公司，减薄等新业务领域布局带来新成长曲线,0.25068,0.26561
1,电子,半导体设备/零,长电科技,9784,43647,6%,12%,445,2024,66%,29%,,封测龙头公司，苹果持续拉货，先进封装及汽车电子快速放量,0.26561,0.28009
1,电子,半导体设备/零,汇成真空 中科飞测,207576,8763057,25%41%,30%49%,447,132376,30%314%,39%542%,,镀膜设备龙头公司，产品应用于光刻机镜头PVD镀膜工艺 量/检测设备核心供应商，订单有望随产品突破迎来放量,0.28009,0.30905
1,电子,部件,精测电子,830,4317,20%,29%,45,332,553%,305%,,先进制程明场设备交付，OCD、膜厚、电子束等设备7nm已完成交付验收 且更先进制程设备在配合客户做研发,0.30905,0.33846
1,电子,部件,波长光电,156,588,25%,27%,10,46,35%,30%,,光刻机光学快速增长,0.33846,0.35294
1,电子,部件,新莱应材,840,3400,14%,13%,70,280,23%,30%,,半导体设备零组件gasline模组供应商，受益于国产半导体设备商订单高景 气度的核心标的之,0.35294,0.38235
1,电子,部件,正帆科技,1670,6000,24%,22%,80,350,34%,154%,,CAPEX新签订单保持增长，OPEX业务逐步放量,0.38235,0.39683
1,电子,部件,江丰电子,1430,5800,30,27%,240,800,150%,66%,,溅射靶材行业龙头短期受益fab稼动率提升，长期受益于零组件和半导体设 备国产化率的双重提升,0.39683,0.42624
1,电子,部件,恒玄科技,800,3500,-15%,-1%,120,600,5%,1%,,可穿戴SoC龙头，25年重点布局AI眼镜领域，下一代产品25年流片,0.42624,0.44072
1,电子,部件,全志科技 瑞芯微 炬芯科技,10001400260,400053001100,39%21%1%,41%20%19%,25040060,10001400290,259%24%20%,281%35%42%,,下游需求回暖，25年重点关注车载和工业新品上量 AloT SoC龙头，高单价产品3588放量常来业绩弹性 大客户哈曼、大疆持续放量，端侧AISoC产品开始放量，关注存算一体在 端侧AI的趋势,0.44072,0.4991
1,电子,半导体芯片,乐鑫科技 泰凌微,690250,30701300,0%-9%,20%28%,14040,630150,-16%-39%,27%18%,,产品矩阵逐渐丰富＋新品客户增长＋叠加行业智能化程度提升 蓝牙SoC龙头厂商，公司下游赛道均维持高景气度,0.4991,0.52851
1,电子,半导体芯片,兆易创新,10000,35000,346%,280%,5000,20000,1367%,1114%,V,利基存储芯片受益于端侧AI爆发：DDR4涨价迅猛，3D堆叠DRAM产品进 展顺利,0.52851,0.55792
1,电子,半导体芯片,澜起科技,1700,7100,20%,30%,1000,4500,58%,101%,,DDR5接口芯片受益于行业加速，CXL和Retimer芯片等新业务持续放量,0.55792,0.58688
1,电子,半导体芯片,江波龙,15000,65000,153%,186%,6000,25000,NA,1656%,,存储模组龙头，深度受益存储芯片涨价,0.58688,0.60136
1,电子,半导体芯片,北京君正,2500,10000,110%,111%,600,3000,364%,697%,,行业市场需求稳定，消费类sOc受益于行业智能化加速。,0.60136,0.61629
1,电子,半导体芯片,寒武纪,4000,20000,126%,208%,1800,13000,NA,531%,,国产GPU龙头厂商， 下游客户开始放量,0.61629,0.63077
1,电子,半导体芯片,海光信息,5500,24000,79%,67%,1500,5500,116%,116%,,国产CPU龙头厂商，CPU+GPU一站式布局,0.63077,0.64525
1,电子,半导体芯片,普冉股份,2500,10000,400%,331%,800,3000,3493%,1346%,V,Al终端需求爆发＋存储涨价周期，并购SHM切入2D NAND赛道,0.64525,0.65973
1,电子,半导体芯片,扬杰科技,2400,9500,28%,29%,450,1850,37%,47%,,海外业务回暖，整体业绩稳中向好，加大汽车、AI等新兴领域投入力度,0.65973,0.68914
1,电子,半导体芯片,捷捷微电 新洁能,1200650,45002500,30%35%,30%33%,200160,750650,48%26%,57%64%,,944 在手订单饱满，新兴领域持续放量,0.68914,0.7181
1,电子,半导体芯片,天岳先进,430,1800,11%,23%,15,100,650%,扭亏,,SiC 8寸衬底在海外眼镜客户放量，CoWoS有望在封装使用SiC材料,0.7181,0.74751
1,电子,半导体芯片,英诺赛科 安集科技,600796,23003365,55%34%,70%34%,-50258,-200949,50%25%,50%21%,,硅基氮化镓全球行业龙头，8英寸产能全球领先 抛光液龙头，业绩稳健增长,0.74751,0.77692
1,电子,半导体材料,鼎龙股份 雅克科技 兴福电子,8892803430,4015100942099,-2%29%24%,10%17%42%,29944268,12611388371,53%46%33%,59%35%81%,VV,抛光垫龙头，半导体材料平台公司，业绩快速增长 通过跨境并购转型为半导体材料平台型企业，前驱体业务营收全球前三， 同时是国内LNG保温绝热材料打破国外垄断的独家供应商 国内湿电子化学品龙头，电子级磷酸连续三年国内市场占有率第一（69.69 %），深度绑定长江存储、中芯国际等头部晶圆厂，受益国产替代与扩产 红利,0.77692,0.86471
1,电子,半导体材料,飞凯材料,944,3938,24%,22%,133,594,33%,46%,,从光纤涂覆材料起家，布局半导体制造与封装材料（光刻胶、环氧塑封料 、临时键合方案）、液晶显示材料，构建多元化材料矩阵，并在第三代半 导体封装材料领域实现量产出货,0.86471,0.90814
1,电子,半导体材料,立昂微,1200,4636,42%,32%,-17,113,减亏,扭亏,,重掺硅片技术优势突出，12英寸重掺外延片终端应用于AI服务器电源、新 能源汽车等场景，受益于AI算力对功率器件硅片需求的拉动；同时是国内 少数具备6英寸砷化镓射频芯片量产能力的厂商,0.90814,0.95249
1,电子,半导体材料,沪硅股份 西安奕材,1190881,53283445,33%36%,43%30%,-545-126,-2146-601,亏损扩大减亏,亏损扩大减亏,,国内半导体硅片龙头，12英寸大硅片国产化核心供应商，受益于晶圆厂扩 产与国产替代长期趋势 国内12英寸硅片领域的重要新兴力量，聚焦大硅片国产化,0.95249,0.99593
2,电子,EDA,概伦电子,151,559,19%,16%,15,25,-67%,-28%,,专注器件建模和电路仿真EDA工具，在存储器设计领域具备差异化竞争优,0.04423,0.08308
2,电子,消费电子,广立微,239,954,33%,30%,36,121,21%,38%,,聚焦芯片良率提升领域的EDA软件与测试设备，在晶圆厂良率管理环节具 有独特卡位,0.08308,0.12194
2,电子,消费电子,立讯精密,72500,404230,16%,22%,4350,22232,21%,34%,,算力电连接产品导入海外大客户+AI端侧升级+苹果销量有望超预期,0.12194,0.16079
2,电子,消费电子,领益智造 三环集团,127003350,5734313866,5%45%,11%54%,3701072,32004437,2%52%,40%69%,,苹果业务稳健增长，积极布局AI液冷 SOFC伴随海外大客户放量+顺周期需求回暖+MLCC国产替代加速,0.16079,0.19904
2,电子,消费电子,顺络电子,2150,8832,22%,31%,270,1237,7%,21%,,Al电感放量+车载业务放量＋新兴领域布局,0.19904,0.21817
2,电子,消费电子,江海股份 蓝特光学,1850567 0,77342184,20%76%,41%42%,240170,1005701,16%194%,49%80%,,光储业务底部向上+超容/牛角电容在AI服务器应用 微棱镜、模造玻璃、半导体光学业务快速增长,0.21817,0.25643
2,电子,消费电子,英伟达 （GAAP利润 ）,91239,429888,95%,99%,51500,227600,100%,90%,V,全球最大GPU公司,0.25643,0.31441
2,电子,海外科技（百,台积电,40000,125180,33%,37%,19800,83300,54%,53%,V,全球最大晶圆代工厂,0.31441,0.33413
2,电子,海外科技（百 万美元）,博通 天弘科技 （调整后利润 ）,299314450,10826919273,88%67%,70%56%,15900260,517221179,89%56%,53%68%,,全球最大交换机芯片公司 AI服务器及交换机代工,0.33413,0.41124
2,电子,万美元）,AMD （调整后利润 ）,11200,55306,46%,60%,2650,13391,239%,96%,,全球知名CPU/GPU公司,0.41124,0.46922
2,电子,万美元）,Credo （调整后利润 ）,470,2451,110%,84%,230,960,134%,48%,,全球AEC龙头,0.46922,0.5272
2,通信,国产芯片,寒武纪 中际旭创,（亿元，人民币）20264500289 12,2026156 86937 56,（%）2026 2026154%133%,141%145%,（亿元，人民币）202618 0085 00,202651 22298 07,增速（%）2026164%252%,2026149%176%,超巿场预期V,一句话推荐逻辑 国产大模型与芯片加速迭代，公司作为芯片龙头持续受益 800G高景气延续、1.6T率先放量，硅光与高端产品结构升级驱动利润弹性 释放,0.60669,0.70831
2,通信,光模块,新易盛,114 11,490 98,79%,98%,38 00,185 34,60%,94%,,下游AI大客户需求持续旺盛，800G主力产品放量叠加1.6T交付改善推动业 绩增长,0.70831,0.83622
2,通信,光模块,天孚通信,16 22,87 42,7%,69%,600,33 30,7%,65%,,光引擎及高速光器件需求稳步释放，CPO/1.6T产业趋势继续支撑中长期成 长,0.83622,0.87507
2,通信,光模块,源杰科技,495,16 59,311%,176%,250,7 72,674%,305%,,数据中心CW光源加速放量，公司作为光芯片核心标的迎来业绩高弹性释,0.87507,0.91393
2,通信,光模块,太辰光,9 33,28 77,104%,86%,180,6 28,92%,110%,,高密度光连接器需求恢复增长，受益北美AI数据中心与CPO/010光互联升 级趋势,0.91393,0.95278
2,通信,光模块,亨通光电,403 23,838 83,115%,25%,25 00,69 58,137%,160%,,光通信与能源互联业务共振增长，海缆、光纤光缆及海外需求释放推动业 绩提速,0.95278,0.99163
3,计算机,国产算力,海光信息,5 515,,80%,55%,1 217,,75%,77%,,,0.14612,0.16699
3,计算机,国产算力,中科曙光 海康威视,3 851,,18%,18%9%,678,,25%,34%13%,,,0.16699,0.20874
3,计算机,Al,科大讯飞,7 191,,15%,19%,-32,,30%,40%,,,0.20874,0.23027
3,计算机,智能汽车,大华股份,,,,8%,,,,3%,,,0.23027,0.25114
3,计算机,智能汽车,拓尔思 德赛西威,127,,6%,8%19%,-43,,15%,16%24%,,,0.25114,0.29289
3,计算机,智能汽车,经纬恒润,,,,30%,,,,221%,,,0.29289,0.31376
3,计算机,智能汽车,中科创达,,,,23%,,,,22%,,,0.31376,0.33529
3,计算机,信创,达梦数据,,,30%,30%,,,30%,30%,,,0.33529,0.35551
3,计算机,信创,中国软件,,,10%,12%,,,50%,60%,,,0.35551,0.37704
3,计算机,信创,太极股份,,,10%,12%,,,80%,120%,,,0.37704,0.39791
3,计算机,医疗IT,神州数码 卫宁健康,,,6%10%,8%12%,,,30%60%,35%80%,,,0.39791,0.43966
3,计算机,医疗IT,创业慧康,,,8%,10%,,,60%,70%,,,0.43966,0.46053
3,计算机,医疗IT,润达医疗,,,8%,10%,,,55%,65%,,,0.46053,0.48206
3,计算机,云计算,金山办公 广联达,,,20%6%,25%7%,啵mB晚起形晚亚这经死206刚,,20%40%,25%50%,,,0.48206,0.52381
3,计算机,云计算,用友网络,,,8%,10%,,,30%,40%,,,0.52381,0.54468
3,计算机,云计算,石基信息 浪潮信息,,,25%20%,30%35%,,,80%120%,120%30%,,,0.54468,0.58643
3,计算机,算力租赁,万兴科技 协创数据,,,15%68%,16%68%,,,80%280%,120%108%,,,0.58643,0.62883
3,计算机,算力租赁,利通电子,,,,,,,1426%,,,,0.62883,0.68395
3,传媒互联网,互联网媒体,腾讯控股,2026203856,（百万元，人民市）2026829091,（%）2Q26 202611%,10%,（百万元，人民市）2Q2666835,2026260145,增速（%）20266%,20260 2%,超市场预期,一句话推荐逻辑 主业收入稳健增长，但短期AI Capex加大影响利润，微信AI aqent开启灰测期待后续正式推出,0.74038,0.82322
3,传媒互联网,互联网媒体,哔哩哔哩,7922,33054,8%,9%,687,3092,22%,19%,V,流量端持续高增；广告收入1Q yoy+30%，显著跑赢大盘，预计全年高增速维持；26H2新游上线周期关 注表现；Al赋能用户社区生态+广告业务,0.82322,0.8865
3,传媒互联网,互联网电商 旅游综合,阿里巴巴 携程,26918215925,112177569097,9%7%,10%11%,249234370,10703717457,-17%-2%,66%-45%,,悲观情绪已较充分体现，静待多重基本面拐点 宏观影响+运营调整，Q2业绩或承压,0.8865,0.92825
3,传媒互联网,广告营销 光学光电子,分众传媒 禾赛,3418867,135344363,5%23%,6%44%,162293,6075591,6%27%,106%7%,V,主业稳健，业绩具备韧性 主业盈利持续兑现，物理AI打开成长曲线,0.92825,0.97065
4,非银,广告营销 光学光电子,众安在线,（百万元，人民币）2Q26n.a,2026n.a,（%）2Q26n.a,2026n.a,（百万元，人民币）2Q26n.a,20261466,增速（%）2Q26n.a,202633%,超市场预期,一句话推荐逻辑 预计2026年全年利润仍将延续高弹性增长,0.09321,0.16762
4,非银,保险,中国太平,n.a,n.a,n.a,n.a,n.a,20277,n.a,-25%,V,估值低，上半年利润低基数,0.16762,0.1946
4,非银,保险,新华保险,59 429,154 830,62%,-2%,16172,41460,81%,14%,V,Q2负债端高增长，强贝塔+较强的投资能力,0.1946,0.22077
4,非银,保险,友邦保险 中国太保 中国人保 中国平安,n.a126 574195 969323 928,n.a443 990691 3641 126 892,n.a19%17%21%,n.a2%3%7%,n.a268752306261675,75786670350021159200,n.a47%,22%25%7%18%,V,全球资产配置的负债端成长性标的 A股估值最低，资产负债表现稳健，Q3基数不高全年利润预计正增长 长期投资标的，寿险负债成本下降、财险承保持续改善、健康险利润快速 释放 高股息标的，全年利润基数不高预计正增长,0.22077,0.37939
4,非银,券商,广发证券,13 151,47593,61%,34%,5260,17983,,31%,,再融资增资海外子公司，国际化布局将提速,0.37939,0.40556
4,非银,券商,国泰海通,23 526,77826,94%,23%,9646,30394,,9%,,综合实力领先，行业推进建设国际一流投行的潜在标的,0.40556,0.43173
4,非银,券商,中国银河,8 853,32620,43%,15%,4117,14826,,18%,,传统经纪业务受益于高成交额，境外业务占比持续提升,0.43173,0.45789
4,非银,券商,东方证券,4 974,18651,90%,21%,2139,70710,,26%,,吸收合并上海证券后，综合实力有望提升,0.45789,0.48487
4,非银,券商,香港交易所,8 288,33183,16%,14%,5263,20526,,16%,,受益于成交额高增带来的戴维斯双击,0.48487,0.51104
4,非银,券商,渤海租赁,12 395,46274,9%,-13%,1137,3529,,969%,V,资产端受益于飞机行业高景气度，负债端受益于成本率下行,0.51104,0.5372
4,非银,券商,江苏金租,1 614,6537,10%,10%,853,3591,,10%,,聚焦小微零售，量价双驱+三位一体风控构筑护城河,0.5372,0.56337
4,非银,券商,南华期货 中国船舶租赁 中银航空租赁 中信股份,682n.a.n.a.n.a.,186341342777814201,20%n.a.n.a.n.a.,34%2%6%6%,246n.a.n.a.n.a.,696205183561856,,43%11%30%5%,,A股市场稀缺期货上市标的，境外业务行业领先 高股息标的，受益于油运行业高景气度，股息率约6% 高股息标的，受益于飞机租赁行业高景气度，股息率约5% 高股息标的，业绩稳健，股息率约6%,0.56337,0.66885
4,非银,多元,易鑫集团,n.a.,13006,n.a.,13%,n.a.,1522,,27%,,二手车业务扩张、渗透率提升驱动业绩高速增长,0.66885,0.69501
4,非银,多元,远东宏信,n.a.,36889,n.a.,3%,n.a.,4041,,4%,,高股息标的，业绩稳健，股息率超9%,0.69501,0.72118
4,非银,多元,湘财股份,592,2891,13%,19%,102,527,,14%,,金融科技赋能的特色财富管理发展路径，拟吸收合并大智慧具备想象空间,0.72118,0.77433
4,非银,多元,中油资本,8 301,39607,-6%,1%,2792,4931,,4%,,背靠中国石油集团，产业链客户资源丰富，盈利具备韧性,0.77433,0.80049
4,非银,多元,四川双马,309,1575,2%,47%,156,441,,48%,,围绕多肽打造创新药产业平台，科技赛道投资能力卓越+政策支持创投的 背景下项目退出有望加速，业绩高弹性修复可期,0.80049,0.85364
4,非银,多元,中国光大控股,n.a.,1704,n.a.,4%,n.a.,-690,n.a.,-66%,,国内领先的跨境投资与资产管理平台，拥有超28年私募股权投资经验,0.85364,0.90679
4,非银,多元,盛业,n.a.,1494,n.a.,23%,n.a.,622,n.a.,30%,,“Al +产业供应键”的数智科技公司，深耕基建、医药医疗、大宗商品等 国家支柱行业，积极布局电商、机器人、AI应用等战略新兴产业,0.90679,0.9861
5,医药,药品,百济神州,（百万元，人民币）2Q2611 400,202649 500,（%）2026 202619%,20%,（百万元，人民市）2Q261 190,20265 390,增速（%）2Q26200%,2026140%,超市场预期,一句话推荐逻辑 泽布替尼延续高速放量态势，维持全球BTKi市场领导地位，盈利能力加速 改善。研发管线高效推进，研发进展催化密集。,0.0983,0.20511
5,医药,药品,三生国健,420,1 800,28%,-57%,160,610,84%,-79%,V,SSGJ- 707辉瑞牵头开展多项全球I期里程碑逐步兑现及后续销售分成预期，自研 管线近两年有望陆续获批,0.20511,0.28766
5,医药,药品,君实生物,968,3 344,45%,34%,,-495,-,-,,Q3出PD1/VEGF双抗联合EGFR/HER3 ADC的数据，存在BD机遇,0.28766,0.31489
5,医药,药品,康诺亚,-,2 871,-,301%,,1 098,-,-,V,CM310销售放量超预期，CM512数据读出在即，长效优势明显，且26H2 有多催化剂,0.31489,0.37021
5,医药,药品,药明康德,13 931,54 330,25%,20%,4623,19530,27%,31%,J,Tides业务快速放量，小分子DM全球竞争力领先,0.37021,0.39745
5,医药,CXO,药明合联,3650（上半年）,8 040,-,35%,980（上半年）,2090,-,34%,,ADC行业景气度旺盛，公司逐步由向商业化放量推进,0.39745,0.45277
5,医药,CXO,凯莱英,1 950,8 070,18%,21%,350,1580,25%,26%,,持续布局ADC、GLP-1等新分子业务，业绩快速增长,0.45277,0.48
5,医药,CXO,迈瑞医疗,9 015,35 945,6%,8%,2 614,8 200,7%,1%,,国内医疗设备需求逐步复苏，海外诊断及新业务快速增长,0.48,0.50809
5,医药,CXO,惠泰医疗,812,3 230,25%,25%,284,1 001,23%,22%,,电生理PFA新产品快速推广，血管介入持续国产替代,0.50809,0.53447
5,医药,医疗器械,鱼跃医疗,2 334,8 432,5%,6%,490,1 602,-15%,8%,,CGM等系产品份额持续提升，海外市场拓展逐步进入收获期,0.53447,0.70298
5,医药,医疗器械,安图生物,1 192,4 563,12%,8%,334,1 086,11%,2%,,国内降价影响逐步进入尾声，分子质谱等新产品拓展迅速,0.70298,0.73021
5,医药,生物制品,心脉医疗 甘李药业,4321 200,1 5944 500,13%11%,18%11%,190400,6381 430,3%37%,13%30%,,外周介入产品注册完善，海外市场高速增长 三代胰岛素龙头，研发及出海进度领跑,0.73021,0.78468
5,医药,生物制品,特宝生物,1 046,4 435,25%,20%,308,1 250,25%,21%,,慢乙肝治愈龙头，长效干扰素持续放量，生长激素贡献增量业绩,0.78468,0.81277
5,医药,医疗服务,爱尔眼科,5810,24141,6%,8%,1061,2975,6%,-8%,,眼科医疗服务龙头，屈光高端术式放量贡献增长,0.81277,0.84
5,医药,医疗服务,通策医疗 华厦眼科,8091119,32634470,15%7%,12%8%,158142,562476,15%7%,12%8%,,齿科医疗服务龙头，大部制改革初显成效 眼科医疗服务龙头，屈光高端术式放量贡献增长,0.84,0.89447
5,医药,药店,益丰药房,6 055,26 472,6%,8%,484,1 886,13%,12%,,内生增长有望继续稳健表现，同时26年有望重启并购，外延打开增长空间,0.89447,0.94979
5,医药,药店,大参林,6 796,28 958,4%,5%,423,1 471,25%,19%,,降本增效成果显著，26年继续在自建并购加盟方面加速扩张。,0.94979,0.97702
6,医药,中药,济川药业,1 223,6 224,0%,0%,298,1 783,5%,0%,,在手现金充足、高股息中药标的。,0.03125,0.04977
6,电新,中药,爱旭股份,0,5050~510 20350~20400,18%,30%,-200~-250,500~550,同比亏损,同比扭亏,,BC路线唯二量产企业，有望率先走出周期底部,0.20255,0.24016
6,电新,中药,迈为股份,,1450~150 9000~9050,-26%,11%,90~140,700~750,-50%,0%,,GW级方案引领HJT产业化加速，半导体、显示领域再获突破。,0.24016,0.27778
6,电新,中药,福斯特 横店东磁 隆基绿能 天合光能 晶科能源 阿特斯,400056001500020000150009000,160002300060000780006000038000,-8%-17%-22%20%-17%-28%,3%2%-15%16%-8%-6%,130~170-1300~-1000-2000~-13000~300-1300~-1000200~400,500~700-3500~-2000-5000~-3000-1000~500-3000~-20001500~2000,217%-33%-46%109%24%-56%,69%0%38%96%64%72%,,光伏胶膜龙头，成本优势显著，电子材料逐步放量 磁材+新能源双轮驱动，差异化战略保障光伏盈利领先 硅片、一体化龙头，BC出货量逐季提升，有望率先走出底部 一体化龙头，储能快速放量，分布式、支架等多业务协同发展 一体化龙头，TOPCon技术行业领先 一体化及大储龙头，大储盈利维持较高水平,0.27778,0.4838
6,电新,光伏,晶澳科技,9500,43000,-28%,-12%,-2000~-1300,-5000~-3000,-22%,40%,,一体化龙头,0.4838,0.52141
6,电新,光伏,通威股份 TCL中环 永臻股份 联泓新科,11000650025002300,6000028000120009000,-55%-11%-20%68%,-29%-4%12%42%,300~450-3000~-2200-1800~-15000~25,1700~2000-8000~-6000-6000~-4000100~200,-10%29%-50%68%,27%46%168%96%,,多晶硅、电池片双龙头，成本行业领先 光伏硅片龙头 光伏边框龙头，越南产能高溢价，收购捷诺威布局液冷第二成长曲线 EVA树脂龙头，电解液溶剂、VC、隔膜原材料等锂电材料逐步放量,0.52141,0.6713
6,电新,光伏,福莱特,3300,14000,-10%,-10%,150~450,1200~1400,-165%,-100%,,光伏玻璃龙头，成本持续领先行业,0.6713,0.70891
6,电新,光伏,美畅股份,550,2400,-6%,11%,-300~100,-200~200,55%,105%,,金刚线龙头，钨丝快速渗透带动盈利修复,0.70891,0.72801
6,电新,光伏,捷佳伟创,1450~150,6500~6550 -65%,,-58%,70~110,400~600,-78%,-59%,,TOPCon电池片设备龙头，平台化布局拓宽公司成长空间。,0.72801,0.75984
6,电新,储能,奥特维 高测股份 拉普拉斯 帝尔激光 聚和材料 阳光电源,028160 05,2050~210 7450~7500950~1000 4150~42001350~140 5450~5500 -15%650~700 2600~26505500~555 22050~22100106592,12%27%11%61%15%,17%14%0%29%51%20%,100~1500~50150~200150~200250~3003000,600~650150~200650~700650~7001000~105015802,-25%同比扭亏21%7%202%-26%,40%同比扭亏8%30%144%17%,,光伏业务订单企稳，光模块检测设备+固态设备重新打开想象空间 充分发挥技术闭环研发优势，新产品迭代助力公司穿越周期。 BC镀膜设备市占率接近100％，新技术迭代推动量价齐升。 光伏激光技术开拓者，全电池路线产品布局，龙头地位稳固 光伏银浆龙头，收购blankmask海外公司，搭建平台型材料企业。 光储龙头，转型AIDC电源,0.75984,0.95949
6,电新,储能,德业股份,5344 2,20710,80%,69%,1900,5447,133%,72%,,光储龙头，户储&工商储高增长,0.95949,0.97801
6,电新,储能,科士达,1523 75,6952,25%,32%,190,904,32%,48%,,UPS&户储龙头，数据中心业务高景气,0.97801,0.99711
7,电新,液冷,科创新源,,500~550 2000~2050 82% 75%,,,0~50,200~250,233%,525%,,"“材料＋部件""垂直整合，卡位服务器液冷赛道前排",0.03141,0.06143
7,电新,液冷,宁德时代,160000~170000,600000,70%,40%,24000~26000,100000,52%,39%,,锂电龙头，盈利、份额均呈现超额韧性+弹性,0.06143,0.09145
7,电新,液冷,恩捷股份 星源材质,4485~46801100~130,186006000,50% 37%20%,45%,300~350120~180,2000480~720,同比扭亏178%,1300%1567%,V,锂电隔膜龙头，盈利、份额均呈现超额韧性+弹性 Q2干法、湿法价格利润均呈现改善，业绩修复弹性大,0.09145,0.15381
7,电新,液冷,厦钨新能,6706.720,26150,52%,30%,230~260,1100,29%,46%,,钴酸锂稳健龙头，硫化锂、NL结构正极等新技术领先,0.15381,0.18199
7,电新,液冷,天赐材料,7600~8000,33000,118%,99%,1400~1700,6700,1213%,392%,,锂电电解液龙头，盈利、份额均呈现超额韧性+弹性,0.18199,0.21062
7,电新,锂电,亿纬锂能,24658,99323,60%,62%,1684~1925 7000~7500,,257%,74%,,储能电池领军企业，高稼动率，盈利稳健,0.21062,0.24065
7,电新,锂电,蔚蓝锂芯 鹏辉能源 富临精工 湖南裕能,28007600650016000,10071231463626863622,40%191%109%111%,24%94%169%84%,280~320450~500300~3501000~1500 3800~4500,1100~13001700~2000-1198%1600~1800,52%610%545%,55%725%298%213%,V,小圆柱电池龙头，全极耳电池开始放量 储能电池领军企业，大储+户储盈利修复 高压实铁锂龙头企业，份额、盈利稳步上行 铁锂龙头企业，受益碳酸锂库存+铁锂提价,0.24065,0.36028
7,电新,锂电,万润新能,4600,28311,113%,146%,300~350,1100~1400,-318%,转正,,铁锂领军企业，受益碳酸锂库存+铁锂提价,0.36028,0.3903
7,电新,锂电,尚太科技,2450,10132,39%,28%,220~250,1100~1300,0%,27%,,负极龙头企业，受益提价,0.3903,0.42032
7,电新,锂电,中科电气,2800,11042,39%,30%,70~100,75~85,-42%,38%,,负极龙头企业，受益提价,0.42032,0.43557
7,电新,锂电,璞泰来,5100,20555,32%,31%,700~730,3000~3400,27%,81%,,隔膜涂覆龙头企业，受益隔膜、负极、PVDF等需求增长,0.43557,0.46513
7,电新,氢能,科达利,4700,20115,30%,32%,500~550,2200~2400,38%,981%,,结构件龙头企业，受益电池需求增长,0.46513,0.49515
7,电新,氢能,多氟多,3700,16904,,79%,400~500,2000~2200,转正,2455%,,6F企业，受益6F价格高位及氟化工涨价,0.49515,0.52517
7,电新,氢能,华盛锂电,400,1500,,73%,,,转正,,,VC龙头，受益VC价格高位,0.52517,0.53995
7,电新,氢能,海科新源 嘉泽新能,1600600,72002530,,43%1%,,,转正-40%,,,溶剂龙头，受益VC价格高位及丙二醇提价 绿醇核心标的加速布局，风电主业稳增提供安全边际,0.53995,0.56952
7,电新,氢能,华电科工,2900,12014,,15%,,,4%,,,电解槽头部公司，海风工程今年30亿项目已开工贡献利润增量,0.56952,0.58476
7,电新,氢能,科威尔,200,638,,24%,,,60%,,,拓展数据中心测试电源业务，光储、锂电设备底部企稳，再迎成长,0.58476,0.59954
7,电新,氢能,电投绿能 思源电气,35007115,1395328500,,6%32%,,,310%30%,,,绿醇5万吨项目已投产，辐射海外，LNG储运罐和加注船需求旺盛 输变电一次设备民企龙头，海外业务快速增长,0.59954,0.6291
7,电新,氢能,金塩科技,2264,9500,,30%,,,30%,,,AIDC配电变压器龙头，海外订单持续兑现，SST进展顺利,0.6291,0.64388
7,电新,氢能,三星电气,4341,16500,,15%,,,20%,,,配用电&医疗双轮驱动，海外配电业务进展迅速,0.64388,0.65912
7,电新,中网则T坨,明阳电气,1410,8000,,16%,126,700,-35%,,,深耕新能源变压器，海风、储能、数据中心下游扩容＋新品类拓展＋出海贡 献成长性,0.65912,0.68868
7,电新,中网则T坨,平高电气,3504,14500,,16%,352,1350,15%,,,高压开关龙头，受益于特高压、配网建设,0.68868,0.70346
7,电新,中网则T坨,中国西电,7163,28000,18%,18%,,1550,25%,,,一次设备龙头，受益特高压&主网建设，网外&海外市场贡献新增量,0.70346,0.73349
7,电新,中网则T坨,海兴电力,1310,5500,15%,15%,,850,5%,驱EXIx,,电表出海龙头，海外新能源&配电业务加速拓展,0.73349,0.74873
7,电新,中网则T坨,国能日新,228,900,30%,25%,,170,30%,,,功率预测领先地位稳固，受益于电改进程持续推进,0.74873,0.84065
7,电新,mw上江,汇川技术,13261,54000,15%,20%,1810,6000,10%,19%,,工控龙头稳健增长，新能源汽车业务高速增长，机器人构建长期成长空间,0.84065,0.87067
7,电新,mw上江,信捷电气,660,2650,35%,32%,109,345,35%,36%,,小型PLC龙头，中大型PLC+变频器突破开辟工控成长空间，与华为合作人 形机器人商业化落地,0.87067,0.90069
7,电新,mw上江,雷赛智能,726,2600,45%,39%,95,350,50%,55%,,国内步进系统和PC- based控制器份额领先，拓展PLC+伺服完善运动控制平台化布局，机器人 电机、灵巧手布局领先,0.90069,0.9455
7,电新,mw上江,大洋电机 伟创电气,3233638,135002400,5%25%,10%23%,333105,1200340,5%25%,11%29%,,全球电机领军企业，看好核心技术多赛道延展与价值重塑 工控出海先锋，机器人布局领先,0.9455,0.97506
7,电新,mw上江,宏发股份,5892,22500,35%,31%,664,2200,20%,25%,,全球继电器龙头，AIDC释放高压直流继电器增长潜力,0.97506,0.98984
8,电新,mw上江,海力风电,800-1000,4000,-43%,-14%,60-100,300,-43%,-14%,,管桩头部企业，受益于国内深远海项目加速，出海有望实现突破性进展,0.04941,0.08765
8,电新,风电,日月股份,1500-1700,6500,-17%,4%,130-140,600,-12%,8%,,铸锻件龙头，受益于国内风电需求维持高位,0.08765,0.12588
8,电新,风电,东方电缆,3000-3400,12000,40%,11%,380-420,1600,108%,26%,,海缆龙头，受益于国内及欧洲海风建设加速,0.12588,0.16412
8,电新,风电,金雷股份,740-760,3000,-4%,21%,100-120,450,-13%,43%,,主轴龙头，品类扩张及出海有望加速,0.16412,0.18294
8,电新,风电,时代新材,5353,23643,5%,10%,164,627,8%,22%,,叶片龙二，超容隔膜打开向上空间,0.18294,0.20176
8,电新,风电,明阳智能,7200-8000,42000,-19%,10%,260-300,1500,-9%,150%,,海上风机龙头，高价订单进入交付周期，欧洲产能有望实现突破性进展,0.20176,0.24
8,电新,风电,三一重能,4500-5500,30000,-22%,10%,260-300,1500,-30%,111%,,风机头部企业，高价订单进入交付周期，海外收入有望实现放量,0.24,0.27824
8,电新,风电,金风科技,14000-16000,93000,-21%,27%,750-850,4500,-13%,62%,,风机龙头，高价订单进入交付周期，绿氢氨醇逐步放量,0.27824,0.31647
8,电新,风电,运达股份,4700-5700,34000,-24%,16%,50-70,700,-29%,106%,,风机头部企业，高价订单进入交付周期，业绩弹性有望迅速释放,0.31647,0.35471
8,机械,燃气轮机,杰瑞股份,50 6,214 6,200%,32 3%,8 6,,10 3%,,,出口北美的国产燃机总成龙头，26年新签燃机订单上修至15-20亿美元,0.49882,0.51765
8,机械,燃气轮机,西子洁能,16 3,738,3 0%,18 2%,09,,0 0%,,,燃机余热锅炉需求上行，看好26年北美余热锅炉订单加速落地,0.51765,0.53647
8,机械,船舶,中国船舶,500 0,1924 1,＃＃＃＃##,26 6%,35 0,,92 4%,,,造船周期上行，高价船陆续交付，公司盈利能力持续提升,0.53647,0.55529
8,机械,船舶,中国动力,168 7,680 0,100%,17 7%,70,,42 9%,,,柴油动力量价齐升，燃气轮机出海,0.55529,0.57471
8,机械,海工,中集集团 振华重工,420 095 9,1708 2393 2,4 8%8 0%,91%8 4%,4020,,45 5%124 7%,,,海工景气度上行，海工制造、海工租赁业绩高增 海工租赁日费率提升，海工业绩持续改善,0.57471,0.61235
8,机械,轨交,中国中车,774 8,3002 8,9 0%,10 0%,46 1,,10 0%,,,铁路装备需求持续上行，公司业绩长期稳健提升,0.61235,0.63118
8,机械,工程机械,三一重工 徐工机械,302355,10171144,28%27%,13%13%,3330,,21%29%,,,工程机械龙头，海外高增长 矿山机械国产龙头，内外销高增长,0.63118,0.66882
8,机械,工程机械,中联重科 柳工,153108,604379,20%20%,16%14%,167,,20%16%,,,内销贡献正增量，海外市场高增长 26年轻装出发，内外销共振,0.66882,0.70706
8,机械,光模块设备,联讯仪器,10,44,/,266%,3,,,,,光模块测试仪器龙头，光+存储共舞,0.70706,0.72588
8,机械,光模块设备,博众精工,20,90,76%,37%,3,,55%,,,光模块设备翘楚，业绩快速增长,0.72588,0.74471
8,机械,刀具,华锐精密,3 9,170,31%,70%,10,,92%,,,数控刀具龙头，受益钨涨价弹性较强,0.74471,0.76353
8,机械,刀具,欧科亿,60,26 0,99%,78%,20,,/,,,数控刀具龙头，受益钨涨价弹性较强，加大PCB微钻布局,0.76353,0.78294
8,机械,机床,纽威数控 海天精工,88102,37 038 5,24%10%,28%14%,0g14,,30%3%,,,机床龙头，受益顺周期复苏+新兴产业爆发 机床龙头，受益顺周期复苏+新兴产业爆发,0.78294,0.82059
8,机械,矿山机械,耐普矿机,3,13,37%,29%,25,,127%,,,矿山机械耗材龙头，行业高景气＋新产品放量前景广阔,0.82059,0.83941
8,机械,机器人,杰克科技 恒立液压,1935,76139,20%27%,15%27%,6290,,11%11%,,,高端液压件龙头份额不断提升，人形机器人卡位核心环节,0.83941,0.87706
8,机械,叉车,杭叉集团 安徽合力,5155,219218,6%8%,10%10%,75,,0%2%,,,叉车国际化推进，布局具身机器人 叉车国际化推进，布局具身机器人,0.87706,0.91529
8,机械,农机 X射线检测,一拖股份 日联科技,274,12216 5,15%45%,13%53%,307,,25%45%,,,农机出海，内需回升 ［光模块检测设备+PCB背钻检测设备,0.91529,0.95294
8,机械,电子大宗气,广钢气体,75,33,30%,37%,18,6,100%,,,两存扩产核心标的，今年大规模中标,0.95294,0.97176
9,具身智能,人形机器人,三花智控,9625,35353,12%,14%,1363,4713,13%,16%,,T链执行器龙头，拓展传感器、手部丝杠等新业务,0.13059,0.14704
9,具身智能,人形机器人,拓普集团,7884,33427,10%,13%,788,3168,8%,14%,,T链执行器龙头，液冷+商业航天拓展新增长空间,0.14704,0.1635
9,具身智能,人形机器人,柯力传感,425,1745,15%,12%,107,388,10%,14%,,传感器森林布局完善，六维力矩传感器出货上千台,0.1635,0.17995
9,具身智能,人形机器人,宁波华翔,6000,25281,-9%,-6%,360,1589,157%,225%,,北美合资打造机器人供应平台，PEEK全球卡位龙头,0.17995,0.19692
9,具身智能,人形机器人,银轮股份 兆威机电,4500420,180062200,20%0%,20%28%,27050,1140340,18%-15%,20%28%,,热管理平台型龙头，燃发+液冷高成长性，机器人卡位头部客户，主业稳 微驱动龙头，机器人微电机＋齿轮箱+灵巧手全面布局,0.19692,0.24627
9,汽车,子行业 乘用车,理梘汽车,（百万元，人民币）2Q2624197,2026122419,（%）2Q26-20%,20269%,（百万元，人民币）2Q26-1202,20261714,增速（%）2Q26-210%,202652%,超市场预期,一句话推荐逻辑 全新换代车型带动销量和盈利全面反转，全面迈向具身智能,0.31594,0.3635
9,汽车,乘用车,吉利汽车,105930,456142,36%,32%,5467,22661,51%,34%,,出口&高端车型贡献极大利润弹性，全动力车型谱系布局,0.3635,0.37995
9,汽车,乘用车,小鹏汽车,19600,95500,7%,24%,-1000,-1790,-109%,-57%,,Q2开启强势产品周期，L03上市在即；从智驾领先的主机厂向物理AI公司,0.37995,0.41337
9,汽车,乘用车 乘用车 乘用车,零跑汽车 比亚迪 长城汽车,2550222049159820,106453962091260883,79%10%14%,64%20%17%,55782324230,42103821212853,448%30%-8%,682%17%30%,,强势新车周期带动销量持续高增，出口增长提速 出口有望延续高增、贡献极大利润弹性，闪充车型带动内销量利底部向上 差异化品类布局带动出口增长提速，中高端新车大年,0.41337,0.47969
9,汽车,汽零,伯特利,3028,15050,20%,25%,307,1520,22%,16%,,EMB率先量产，收购豫北加速全线控底盘布局,0.47969,0.49614
9,汽车,汽零,爱柯迪,2130,9150,19%,23%,240,1420,-24%,21%,,铝压铸中小件隐形冠军，出海及新业务加速拓展,0.49614,0.5126
9,汽车,汽零,继峰股份,6750,27100,23%,19%,180,801,264%,77%,,海外子公司格拉默业绩持续改善，座椅进入业绩兑现期,0.5126,0.52905
9,汽车,汽零,岱美股份,1680,7370,6%,15%,240,1040,642%,58%,,主业从遮阳板头枕向大内饰布局，开拓机器人第二成长曲线,0.52905,0.54602
9,汽车,汽零 商用车,无锡振华 福田汽车,75516500,344064000,10%6%,16%4%,130500,5302100,22%47%,14%54%,,冲压件老牌零部件公司，开拓功率半导体电镀第二成长曲线 商用车出海领军企业，重卡高增+轻卡轻客出口高增&区域及燃料结构升级,0.54602,0.59537
9,汽车,商用车,一汽解放,19500,67000,42%,7%,250,1000,2760%,38%,,重卡出口Q2环比显著增长，探索车用发动机转型发电应用,0.59537,0.61234
9,汽车,商用车,中国重汽A,20500,62100,55%,8%,450,2200,26%,32%,,重卡龙头，出口高增驱动业绩增长,0.61234,0.62879
9,汽车,商用车,潍柴动力,64000,245500,15%,6%,3500,14300,19%军工,31%,,AIDC柴发备电、燃气主电龙头，持续受益于北美缺电,0.62879,0.67224
9,军工,主机厂,中航成飞,20262662,202680441,（%）2Q26-55%,20267%,（百万元，人民币）202674,20263700,2Q26-62%,20269%,超市场预期,,0.71285,0.75835
9,军工,主机厂,中航沈飞,4694,48954,80%,10%,203,3500,23%,6%,,,0.75835,0.77481
9,军工,主机厂,中航西飞 洪都航空,58101533,4258110471,-17%73%,4%41%,21015,1252100,-15%168%,9%307%,,,0.77481,0.80771
9,军工,两机,航发动力,9108,50024,6%,8%,32,608,-20%,-4%,,,0.80771,0.82416
9,军工,两机,中航重机,3666,11476,15%,13%,113,745,-66%,22%,,,0.82416,0.84113
9,军工,两机,国博电子,7136,2917,-9%,22%,55,623,-99%,23%,,,0.84113,0.85758
9,军工,军工电子,振华科技,1383,5976,-8%,4%,97,1116,-73%,9%,,,0.93573,0.95219
9,军工,军工电子,国睿科技,1897,4050,40%,21%,105,775,2%,23%,,,0.95219,0.96915
9,军工,军工电子,航天电器,1617,6831,10%,17%,15,386,12%,111%,,,0.96915,0.9856
10,交运,航运,中远海能,20268577,（百万元，人民币）202635541,46%,（%）2026 202649%,（百万元，人民币）20262350,202612396,增速（%）2026102%,2026207%,超市场预期,一句话推荐逻辑 全球油运龙头，受益于霍尔木兹海峡放开后全球原油成品油补库,0.09505,0.15901
10,交运,航运,中远海控,52500,225344,3%,3%,6620,24033,13%,-22%,,全球集运龙头，受益于红海、中东局势升级，绕行带来效率损失提价,0.15901,0.20424
10,交运,航运,中谷物流,2790,11203,1%,6%,430,2086,-19%,4%,,内贸集运龙头，造船价格低，新船型为外贸稀缺船型，租金回报率高,0.20424,0.25018
10,交运,快递,顺丰控股,80760,336322,5%,,,12196,,,,高端时效网络主导者，构建快递、快运、空运、供应链与国际的全栈物流,0.25018,0.29611
10,交运,航空,中通快递-W 南方航空 中国国航 春秋航空 吉祥航空,14120489404672064706100,556541996221922712531025151,19%5%10%30%14%,x0xx612%,,,YNXewiNA,灿xuxu129%,V,国内通达快递龙头，受益于行业反内卷带来的利润与市占率回升 国内三大航之一，枢纽为广州白云机场，受益于油价回落与国际线增开 国内三大航之一，枢纽为北京首都机场，受益于油价回落与国际线增开 国内低成本航空龙头，以上海为主枢纽，极致的低成本导致经营优势显著 国内民营精品航空公司，以上海为主枢纽，经营成本显著低于三大航，开 辟欧洲航线,0.29611,0.50247
10,交运,机场,上海机场,3230,14422,2%,X1WzX6xw,,,,X灿Xwx,,上海虹桥+浦东机场，国际旅客占比高，依靠商业带来超额盈利,0.50247,0.52509
10,交运,机场 跨境,白云机场 嘉友国际 东航物流 中国外运 皖通高速,205021408320241601750,77819648277691070136675,8%20%44%-10%90%,14%11%-1%,,继瞅Qk0叫研形蜒加m4吼啊,%8%双观器虹zWM洲州N瓢,,,广州白云机场，国际旅客超过疫情前，T3投入后产能利用率待提升 主营蒙煤贸易、运输、仓储，第二增长曲线来自非洲的陆港，双轮驱动 东方航空的货运公司，拥有近20架777F，主营欧美长航线，受益于运价提 央企全链路物流，以代理业务稳定现金流，专业物流和电商服务向高附加 值转型 安徽唯一公路现金牛企业，掌控长三角西翼核心网络,0.52509,0.70813
10,交运,公路,宁沪高速,4730,20366,2%,0%,,,,,,长三角核心路网垄断企业，持有近1000公里长三角核心路产，长期现金流 稳定,0.70813,0.75406
10,交运,公路,招商公路,3620,14135,27%,6%,1190,,,,,中国最长公路央企，掌控超8000公里核心路网，资产集中于高车流量经济,0.75406,0.8
10,交运,铁路,京沪高铁,11330,45019,5%,5%,3620,14022,,,,中国唯一上市高铁运营商，以轻资产模式运营核心高铁网络，路网服务贡 献超6成利润，毛利率远超行业,0.8,0.84523
10,交运,铁路,大秦铁路,21420,81469,10%,5%,,,,,V,亿吨级专线运煤，西煤东运主通道，大秦线运量占比高，服务高度刚性,0.84523,0.89117
10,交运,港口,唐山港,1540,5929,14%,4%,,,,,,以干散货 核心业务的港口，分红率高,0.89117,0.91378
10,交运,港口,宏川智慧,330,1478,23%,24%,0HaL晒az,8u毗awwu,3om器Ezo,,,石化仓储龙头，拥有超700万立方米储罐容量，客户粘性与定价权稳固,0.91378,0.9371
10,交运,危化品,密尔克卫,4030,15223,9%,14%,,,,,,危险品全链条整合者，危化物流合规龙头，70万平方米全国危化仓储网络 与全链条合规能力,0.9371,0.98304
11,建材新材料,出海,中国巨石,5600,24000,21%,27%,1760,8500,84%,159%,,,0.10582,0.12203
11,建材新材料,玻纤,国际复材,2700,11400,18%,32%,380,1850,113%,579%,,,0.12203,0.13823
11,建材新材料,玻纤,中材科技,9000,35000,15%,16%,664,3200,4%,76%,,,0.13823,0.15443
11,建材新材料,铜箔,宏和科技,550,2400,81%,113%,260,1200,360%,494%,,,0.15443,0.17114
11,建材新材料,铜箔,铜冠铜箔,2100,2400,15%,15%,140,1000,364%,1496%,,,0.17114,0.18734
11,建材新材料,玻璃,耀皮玻璃 旗滨集团,13974105,648817311,3%5%,15%10%,6030,180300,37%-93%,33%-52%,,,0.18734,0.21975
11,建材新材料,玻璃,三棵树,4054,13780,10%,10%,370,1000,12%,29%,,,0.21975,0.23595
11,建材新材料,消费建材,兔宝宝,2647,9948,12%,12%,160,1050,-4%,50%,,,0.23595,0.25266
11,建材新材料,消费建材,悍高集团,1054,4493,28%,25%,211,950,41%,35%,,,0.25266,0.26835
11,建材新材料,消费建材,东方雨虹,8500,31000,12%,12%,573,1800,54%,1489%,,,0.26835,0.28506
11,建材新材料,基建,科顺股份,1916,6346,5%,5%,123,350,1805%,扭亏为盈,,,0.28506,0.30127
11,建材新材料,基建,青龙管业,847,3942,30%,50%,60,250,218%,93%,,,0.30127,0.31747
11,建材新材料,其他新材料,石英股份,326,1350,25%,34%,70,340,29%,122%,,,0.31747,0.33367
11,建材新材料,其他新材料,麦加芯彩,475,1880,2%,10%,63,240,5%,14%,,,0.33367,0.37671
11,公用事业,火电,华能国际,（百万元，人民币）2026n.a,2026n.a,（%）2026 2026n.a,n.a,（百万元，人民币）2Q2625.0~30.0,2026130,增速（%）2Q26-42%~-30%,2026-10%,超市场预期,一句话推荐逻辑 全国性火电龙头，受益电量电价传导改善、容量电价提升和市场化交易增 收，盈利稳定性增强推动公用事业化重估。,0.42354,0.49975
11,公用事业,火电,华电国际,n.a,n.a,n.a,n.a,12.0~15.0,58,-37%~-22%,-4%,,常规能源核心平台，气电及煤电容量收益贡献较高，容量电价稳定长期收 益，分红提升支撑价值重估。,0.49975,0.54633
11,公用事业,火电,申能股份 皖能电力 浙能电力 长江电力,n.an.an.an.a,n.an.an.an.a,n.an.an.an.a,n.an.an.an.a,8.3~8.84.0~4.514.0~17.085.0~90.0,361860350,-22%~-17%-37%~-29%-43%~-30%8%~14%,-10%-16%-20%1%,,上海负荷中心综合能源平台，火电红利属性突出，气电、新能源和投资收 益共同支撑稳健分红。 安徽省级能源平台，火电基本盘稳固、新能源提速扩张，明确分红规划增 强中长期股东回报确定性。 浙江负荷中心火电龙头，机组区位价值高，参股核电贡献稳定收益，分红 能力具备持续提升空间。 全球大水电龙头，综合电价和现金流稳健，2026-2030 年高分红规划强化红利资产配置价值。,0.54633,0.72506
11,公用事业,水电,国投电力,n.a,n.a,n.a,n.a,14.5~15.0,75,-16%~-13%,1%,,雅著江水电贡献核心利润，水风光一体化基地打开成长空间，兼具优质水 电现金流和新能源扩张弹性。,0.72506,0.77013
11,公用事业,水电,华能水电 川投能源,n.an.a,n.an.a,n.an.a,n.an.a,30.0~32.06.0~6.5,9253,-3%~3%-39%~-34%,8%11%,,澜沧江流域水电平台，流域梯级调度能力强，分红稳定增长，具备长期水 电红利配置价值。 核心看雅砻江水电投资收益释放，来水改善及流域水风光一体化开发带来 长期成长空间。,0.77013,0.85823
11,公用事业,绿电,龙源电力,n.a,n.a,n.a,n.a,11.0~13.0,50,-25%~-12%,10%,,风电龙头聚焦新能源主业，装机扩张、绿电绿证交易和补贴回款改善共同 支撑现金流修复。,0.85823,0.90481
11,公用事业,核电,中国核电,n.a,n.a,n.a,n.a,16.0~18.0,85,-37%~-29%,-9%,,核电主业发电量增长和新机组投运支撑业绩，新能源短期承压但核电资产 稳定性和分红能力突出。,0.90481,0.94481
11,公用事业,核电,中国广核,n.a,n.a,n.a,n.a,31.0~32.0,103,6%~9%,5%,,核电运营龙头，电价机制逐步稳定盈利预期，新机组投产和高分红属性支 撑防御配置价值。,0.94481,0.98785
12,有色金属,铜,金诚信 中国铝业,3 65063397,14 600259443,4%5%,5%8%,7505278,3 00019201,9%49%,28%51%,,矿服现金流托底，自有资源项目逐步放量，矿服龙头向资源平台转型逻辑 分红率仅37%，提升潜力大,0.14438,0.18519
12,有色金属,电解铝,云铝股份 天山铝业,163688757,6396033585,10%18%,7%14%,36432297,133438777,49%124%,120%82%,,绿电铝标的，成本较高，氧化铝敞口小，资产负债表优异，分红提升潜力 26-,0.18519,0.22536
12,有色金属,能源金属,神火股份,12800,49502,18%,20%,2420,8970,102%,124%,,电解铝成本曲线左侧产能，氧化铝敞口小，煤炭业务或已度过最差时刻,0.22536,0.24545
12,有色金属,能源金属,腾远钴业 中稀有色,23001 500,125007 000,11%28%,50%20%,400150,1600800,18%500%,44%525%,,钻业务具备较大弹性，铜业务产能扩张，利润基本盘稳增 氧化镝、氧化错钕价格均有望显著上涨；加工费均显著上涨；公司钨矿项,0.24545,0.28562
12,有色金属,小金属,北方稀土,15 326,68 100,39%,33%,900,5 000,80%,122%,,氧化镨钕价格有望继续上行,0.28562,0.30634
12,有色金属,小金属,华锡有色,1 800,7 500,17%,29%,270,1 400,20%,75%,,锡价格上行；广西关键金属矿权整合持续推进,0.30634,0.32643
12,有色金属,小金属,金钼股份,4 780,17 250,30%,25%,1 150,5 500,63%,74%,,钼价新高可期：公司布局关键钼粉领域，有望得到估值提升,0.32643,0.37947
12,石油石化,油服 炼化,中海油服 荣盛石化,110853,5253413,-12%16%,4%11%,915,4260,-16%10614%,10%608%,,海上钻井行业景气度持续上行 受冲突影响PTA、PX价差扩大，海外成品油利润突增,0.48085,0.52103
12,石油石化,化纤,华峰化学,76,302,31%,25%,7,27,46%,45%,,行业供给出清，产品价格提升,0.52103,0.54175
12,化工,精细化工,新化股份,850,3463,19%,18%,80,318,4%,22%,,脂肪胺主业盈利逆势提升、香料宁夏基地放量减亏，叠加电子级异内醇、 盐湖提锂、电池回收等新材料/新能源赛道陆续落地转化,0.71438,0.75518
12,化工,汽车零部件,赛轮轮胎,10551,44213,15%,20%,950,4013,20%,14%,,全球产能布局最大的中国轮胎龙头，越南/柬埔寨/印尼/墨西哥/埃及多基 地放量推动产销持续创新高,0.75518,0.79598
12,化工,汽车零部件,森麒麟,2300,10020,11%,16%,184,1012,-41%,-10%,,摩洛哥1200万条工厂2026年进入投产放量、深耕高端化，欧盟反倾销终裁 税率显著下调利好出口,0.79598,0.83679
12,化工,煤化工,华鲁恒升,12517,45769,57%,48%,1350,4900,57%,48%,,煤化工低成本龙头企业，兼具反内卷和未来碳中和逻辑，四季度新增产能,0.83679,0.87759
12,化工,煤化工,宝丰能源 亚钾国际,201982505,592529870,68%91%,23%85%,5500900,140003100,68%91%,23%85%,,煤制烯烃龙头，低成本优势，二季度业绩放量 新产能爬坡，业绩放量，盈利维持高位,0.87759,0.91777
12,化工,农化,扬农股份,4000,11870,37%,14%,450,1400,21%,8%,,农药一体化龙头，葫芦岛一期全面投产贡献增量、二期推进中，新机理杀 螨剂氟螨双醚已上市，海外成为营收增长核心驱动,0.91777,0.95857
12,化工,电子陶瓷,国瓷材料,1415,5728,20%,25%,235,763,20%,25%,,mlcc粉高端放量，氧化锆涨价预期，低空经济，球硅小品量试用,0.95857,0.97866
13,商贸零售,商贸零售,豫园股份,10847,36557,5%,1%,11,-666,0%,-86%,,黄金珠宝同店修复，地产拖累逐步出清,0.10398,0.11953
13,商贸零售,黄金珠宝,老铺黄金,n.a,,n.a,58%,n.a,8565,n.a,76%,,门店点位优化同店高增持续，涨价后市场接受度好于预期，带动毛利率修 复,0.11953,0.15112
13,商贸零售,黄金珠宝,潮宏基,1961,,6%,9%,168,732,18%,79%,V,毛利率提升或带动利润端超预期,0.15112,0.16715
13,商贸零售,跨境电商,安克创新 小商品城,86605917,,26%30%,28%18%,6221074,31785057,19%21%,25%20%,V,储能高增持续，下半年低基数，业绩逐季向上 市场业务选位费逐步计提收入，AI及支付业务高增持续，进口业务政策有 望催化,0.16715,0.2138
13,商贸零售,跨境电商,致欧科技,2435,,25%,26%,100,502,0 26,50%,V,消费降级受益，北美地区拓市场、拓大件产品，叠加亚马逊SC转VC带动毛 利率提升,0.2138,0.24538
13,商贸零售,茶饮,古茗 蜜雪集团,n.an.an.a,,n.an.an.a,18%27%10%,n.an.an.a,82333006500,n.an.an.a,18%6%12%,,降价政策不断消化，门店收入占比稳健提升，拓店高确定性 拓店持续推进，新SKU早餐与咖啡对冲补贴退坡压力，全年同店有望企稳 平价茶饮龙头地位巩固，供应链优势持续释放,0.33965,0.40233
13,商贸零售,酒店,锦江酒店,3700,,3%,4%,410,1189,22%,28%,,提质改革逐步见效，增长有望快于行业,0.40233,0.41788
13,商贸零售,酒店,首旅酒店,1952,,3%,4%,288,925,13%,14%,,受益RevPAR企稳、轻资产标准管理店扩张和中高端占比提升，经营质量 持续改善,0.41788,0.44947
13,纺服美护,运动户外,安踏体育,（百万元，人民币）2Q26,202685834,（%）2Q26 2026低单,7%,（百万元，人民币）2Q26,202614132,增速（%）2Q26,20264%,超市场预期,一句话推荐逻辑 品宣&运营能力a凸显,0.51433,0.55831
13,纺服美护,运动户外,李宁 特步国际,,3255814859,低单低单,10%5%,,32291413,,10%3%,V,产品与组织架构调整顺利，全年业绩优于预期,0.55831,0.58941
13,纺服美护,运动户外,滔搏,,,高单下降,-2%,,1286,,0%,,,0.58941,0.62099
13,纺服美护,运动户外,浙江自然,788,,15%,20%,157,211,8%,10%,,,0.62099,0.63654
13,纺服美护,运动户外,扬州金泉,545,,10%,10%,66,111,0%,2%,,,0.63654,0.65209
13,纺服美护,男装/女装,报喜鸟,2462,,3%,7%,203,359,3%,5%,,,0.65209,0.66764
13,纺服美护,男装/女装,比音勒芬 森马服饰,23146641,,10%8%,10%8%,497471,6611026,20%45%,20%15%,,,0.66764,0.69874
13,纺服美护,男装/女装,海澜之家,12144,,5%,5%,1659,2274,5%,5%,,顺应消费降级趋势商业转型拓展创新市区奥莱业态，同时分红水平较高,0.69874,0.73032
13,纺服美护,家纺,罗莱生活,2247,,3%,6%,223,598,20%,15%,,,0.73032,0.74587
13,纺服美护,家纺,水星家纺,1940,,1%,6%,162,456,15%,12%,,,0.74587,0.7619
13,纺服美护,家纺,稳健医疗 华利集团,582612661,,10%0%,10%2%,5561504,8683207,13%-10%,13%0%,,,0.7619,0.793
13,纺服美护,中游代工,申洲国际,,,,4%,,5825,,0%,,26年订单预计双位数增长，出口链中估值低位,0.793,0.80855
13,纺服美护,中游代工,伟星股份 开润股份 新澳股份,257126223193,6063,10%8%25%,8%8%20%,388215352,651381624,5%15%30%,1%15%30%,,减持提前终止资金面压力释放，印尼工厂净利率提升且26年收入有望环比 提速 毛价上行有望带动利润弹性持续释放,0.80855,0.87123
13,纺服美护,纺织原材料,百隆东方,4847,9826,,,,,,,,棉价上行有望带动利润弹性持续释放,0.87123,0.9655
13,纺服美护,纺织原材料,台华新材,3282,7048,,10%,,,,,,,0.9655,0.98105
14,纺服美护,美容护理,毛戈平,,6857,,32%,,1635,,35%,,高端国货具备稀缺性，抖音渠道持续放量,0.06606,0.08901
14,纺服美护,美容护理,上美股份,,10710,,27%,,1326,,37%,,,0.08901,0.11127
14,纺服美护,美容护理,巨子生物 若羽臣,1267,62055706,70%,12%67%,97,2096372,116%,9%92%,,低基数下新品驱动拐点，医美开启第二增长曲线 保健品开始盈利，高端家清持续高增,0.11127,0.15577
14,纺服美护,美容护理,珀菜雅,3 243,11286,8%,7%,433,1558,6%,4%,,,0.15577,0.17803
14,纺服美护,美容护理,贝泰妮,1 565,6027,10%,10%,273,591,25%,25%,,,0.17803,0.20097
14,纺服美护,医美,上海家化 丸美生物,2 0411 175,70274946,15%28%,11%28%,7552,386598,55%31%,53%31%,,,0.20097,0.24548
14,纺服美护,医美,锦波生物,561,2102,14%,14%,257,1045,15%,15%,,,0.24548,0.26773
14,纺服美护,医美,乐普医疗,1 796,7792,10%,21%,344,1285,10%,23%,,,0.26773,0.3265
14,食品饮料,白酒,五粮液,8351,53314,30%,32%,2505,17869,1107%,100%,,,0.45758,0.47983
14,食品饮料,白酒,山西汾酒,6325,34527,-15%,-11%,1486,10049,-20%,-18%,,,0.47983,0.50278
14,食品饮料,白酒,泸州老窖,6391,23694,-10%,-8%,2456,9875,-20%,-9%,,,0.50278,0.52503
14,食品饮料,白酒,洋河股份,3729,16551,0%,-14%,777,2760,10%,25%,,,0.52503,0.54729
14,食品饮料,白酒,古井贡酒,4024,17164,-15%,-9%,1065,3697,-20%,4%,,,0.54729,0.56954
14,食品饮料,白酒,今世缘 迎驾贡酒,19441169,100156400,5%5%,-2%6%,614326,24862101,5%8%,-5%6%,,,0.56954,0.61405
14,食品饮料,白酒,舍得酒业,1125,4410,0%,0%,97,239,0%,7%,,,0.61405,0.6363
14,食品饮料,白酒,水井坊,593,3257,10%,7%,30,570,-135%,40%,,,0.6363,0.65925
14,食品饮料,调味品,金徽酒,664,2962,2%,1%,64,329,0%,-7%,,,0.65925,0.6815
14,食品饮料,调味品,海天味业,7468,30991,8%,7%,1900,7878,11%,12%,,,0.6815,0.70376
14,食品饮料,调味品,中炬高新,1237,4813,20%,15%,121,682,60%,27%,,,0.70376,0.72601
14,食品饮料,调味品,干禾味业 天味食品 安琪酵母 宝立食品,5268244721818,29014025192173333,8%10%15%15%,13%17%15%14%,3813850767,4936951858295,200%20%18%15%,42%22%20%12%,,,0.72601,0.81572
14,食品饮料,零食,洽洽食品,1217,7435,3%,13%,80,657,600%,106%,,,0.81572,0.83797
14,食品饮料,零食,盐津铺子,1487,6412,6%,11%,218,863,12%,15%,,,0.83797,0.86022
14,食品饮料,零食,劲仔食品,608,2922,15%,20%,51,298,15%,23%,,,0.86022,0.88248
14,食品饮料,零食,万辰集团,17054,68803,45%,34%,616,2694,140%,100%,,,0.88248,0.90542
14,食品饮料,软饮,百润股份,827,3343,10%,14%,224,760,8%,19%,,,0.90542,0.92768
14,食品饮料,软饮,东鹏饮料,6595,24599,12%,18%,1562,5217,12%,18%,,,0.92768,0.94993
14,食品饮料,速冻食品,安井食品,4725,18377,18%,13%,374,1829,33%,35%,,,0.94993,0.97218
15,农林牧渔,生猪养殖,温氏股份,20431,98980,-20%,-5%,-2628,-2162,由盈转亏,由盈转亏,,,0.1415,0.16327
15,农林牧渔,牧业,德康农牧 现代牧业,3580,16789,/,8%,40,940,扭亏为盈,扭亏为盈,,,0.16327,0.2068
15,农林牧渔,牧业,优然牧业,6254,21391,,4%,220,1450,扭亏为盈扭亏为盈,,,,0.2068,0.22857
15,家电,白色家电 黑色家电,海尔智家 海信视像,7737614714,31935861999,0%6%,4%7%,5892594,221602735,-10%18%,6%13%,,全球OBM发展领先，国内推进数字变革增强竞争力，海外本土产能优势强 ，估值安全边际高 作为内销龙头年初以来韧性凸现，26年体育赛事拉动下海外出货有望持续 提速,0.42517,0.54626
15,家电,黑色家电,TCL电子 （港币）,32369,128574,10%,14%,1068,2964,15%,19%,,结构优化+费效提升逻辑持续兑现，盈利中枢有望继续提升，与索尼合作 进一步打开成长天花板,0.54626,0.60068
15,家电,小家电,苏泊尔 石头科技,58625146,2409828115,3%15%,5%50%,456431,23032388,3%5%,7%50%,,小家电龙头，近年渠道变革效果显著，持续推进品类扩张，有望随着新兴 渠道发力实现增长 强品牌势能+份额持续提升的全球扫地机龙头，有望充分受益于全球扫地 机行业的成长,0.60068,0.7068
15,家电,小家电,欧圣电气,423,2897,20%,40%,64,320,20%,40%,,马来产能利用率提升，主业盈利能力有望迎来修复，受益于养老经济和养 老机器人政策催化,0.7068,0.7585
15,家电,电池,安孚科技,1082,5013,3%,5%,60,384,69%,70%,,26年南孚股权回收有望继续增厚利润，易缆微作为第二曲线业务技术稀缺 性突出、成长性极强，打开远期天花板,0.7585,0.81633
15,家电,消费电子,绿联科技,2797,12357,38%,38%,176,987,42%,45%,,海外渠道突破带动3C主业高增长，NAS行业需求加速释放，公司作为赛道 龙头有望充分受益,0.81633,0.90272
