page,plate,subindustry,company,rev_2q26,rev_2026,rev_yoy_2q26,rev_yoy_2026,np_2q26,np_2026,np_yoy_2q26,np_yoy_2026,beat,logic,row_y
1,电子,,生益科技,10000,45000,41%,58%,1800,7650,109%,129%,,A股唯一进入海外Al覆铜板的厂商；覆铜板涨价,0.08442
1,电子,,南亚新材,2500,10000,85%,91%,238,1000,259%,316%,V,国产算力覆铜板，M10正在给海外大厂送样,0.09845
1,电子,,深南电路,8000,30000,41%,30%,1360,5000,57%,56%,,BT载板涨价，谷歌核心供应商，AMD核心供应商,0.11386
1,电子,PCB,鹏鼎控股,8300,51000,0%,27%,750,5631,1%,47%,,HDI进入英伟达、ASIC放量在即,0.12868
1,电子,,景旺电子,4000,19000,7%,24%,280,2200,-14%,79%,,英伟达新进供应商，供货放量在即,0.14264
1,电子,,生益电子,3000,13200,37%,39%,500,2500,51%,70%,V,亚马逊核心供应商，交换机PCB开始放量,0.15736
1,电子,,广合科技,2500,10000,91%,92%,525,2500,109%,146%,,全球CPU主板核心供应商，AI PCB有望发力,0.17205
1,电子,半导体设备/零,沪电股份,7500,30000,68%,58%,1550,6500,68%,70%,,深度受益交换机及AI服务器需求强劲,0.18672
1,电子,半导体设备/零,北方华创,10880,50283,37%,28%,1700,7091,4%,39%,,半导体设备龙头公司，存储及先进制程占比高，受益于后续存储扩产催化,0.20843
1,电子,半导体设备/零,中微公司,3502,16321,26%,32%,945,3132,140%,48%,,刻蚀设备龙头公司，存储厂商扩产弹性最大标的，薄膜沉积新品出货,0.23798
1,电子,半导体设备/零,华海清科,1342,5964,29%,28%,336,1425,23%,32%,,CMP龙头公司，减薄等新业务领域布局带来新成长曲线,0.25958
1,电子,半导体设备/零,长电科技,9784,43647,6%,12%,445,2024,66%,29%,,封测龙头公司，苹果持续拉货，先进封装及汽车电子快速放量,0.27443
1,电子,半导体设备/零,汇成真空,207,876,25%,30%,44,132,30%,39%,,镀膜设备龙头公司，产品应用于光刻机镜头PVD镀膜工艺,0.28837
1,电子,半导体设备/零,中科飞测,576,3057,41%,49%,7,376,314%,542%,,量/检测设备核心供应商，订单有望随产品突破迎来放量,0.3031
1,电子,部件,精测电子,830,4317,20%,29%,45,332,553%,305%,,先进制程明场设备交付，OCD、膜厚、电子束等设备7nm已完成交付验收 且更先进制程设备在配合客户做研发,0.32481
1,电子,部件,波长光电,156,588,25%,27%,10,46,35%,30%,,光刻机光学快速增长,0.34729
1,电子,部件,新莱应材,840,3400,14%,13%,70,280,23%,30%,,半导体设备零组件gasline模组供应商，受益于国产半导体设备商订单高景 气度的核心标的之,0.36822
1,电子,部件,正帆科技,1670,6000,24%,22%,80,350,34%,154%,,CAPEX新签订单保持增长，OPEX业务逐步放量,0.39072
1,电子,部件,江丰电子,1430,5800,30,27%,240,800,150%,66%,,溅射靶材行业龙头短期受益fab稼动率提升，长期受益于零组件和半导体设 备国产化率的双重提升,0.41318
1,电子,部件,恒玄科技,800,3500,-15%,-1%,120,600,5%,1%,,可穿戴SoC龙头，25年重点布局AI眼镜领域，下一代产品25年流片,0.43411
1,电子,,全志科技,1000,4000,39%,41%,250,1000,259%,281%,,下游需求回暖，25年重点关注车载和工业新品上量,0.44966
1,电子,,瑞芯微,1400,5300,21%,20%,400,1400,24%,35%,,AloT SoC龙头，高单价产品3588放量常来业绩弹性,0.46357
1,电子,半导体芯片,炬芯科技,260,1100,1%,19%,60,290,20%,42%,,大客户哈曼、大疆持续放量，端侧AISoC产品开始放量，关注存算一体在 端侧AI的趋势,0.48614
1,电子,半导体芯片,乐鑫科技,690,3070,0%,20%,140,630,-16%,27%,,产品矩阵逐渐丰富＋新品客户增长＋叠加行业智能化程度提升,0.50853
1,电子,半导体芯片,泰凌微,250,1300,-9%,28%,40,150,-39%,18%,,蓝牙SoC龙头厂商，公司下游赛道均维持高景气度,0.5233
1,电子,半导体芯片,兆易创新,10000,35000,346%,280%,5000,20000,1367%,1114%,V,利基存储芯片受益于端侧AI爆发：DDR4涨价迅猛，3D堆叠DRAM产品进 展顺利,0.54419
1,电子,半导体芯片,澜起科技,1700,7100,20%,30%,1000,4500,58%,101%,,DDR5接口芯片受益于行业加速，CXL和Retimer芯片等新业务持续放量,0.57364
1,电子,半导体芯片,江波龙,15000,65000,153%,186%,6000,25000,NA,1656%,,存储模组龙头，深度受益存储芯片涨价,0.59538
1,电子,半导体芯片,北京君正,2500,10000,110%,111%,600,3000,364%,697%,,行业市场需求稳定，消费类sOc受益于行业智能化加速。,0.61015
1,电子,半导体芯片,寒武纪,4000,20000,126%,208%,1800,13000,NA,531%,,国产GPU龙头厂商， 下游客户开始放量,0.62414
1,电子,半导体芯片,海光信息,5500,24000,79%,67%,1500,5500,116%,116%,,国产CPU龙头厂商，CPU+GPU一站式布局,0.63953
1,电子,半导体芯片,普冉股份,2500,10000,400%,331%,800,3000,3493%,1346%,V,Al终端需求爆发＋存储涨价周期，并购SHM切入2D NAND赛道,0.65349
1,电子,半导体芯片,扬杰科技,2400,9500,28%,29%,450,1850,37%,47%,,海外业务回暖，整体业绩稳中向好，加大汽车、AI等新兴领域投入力度,0.67519
1,电子,半导体芯片,捷捷微电,1200,4500,30%,30%,200,750,48%,57%,,944,0.69612
1,电子,半导体芯片,新洁能,650,2500,35%,33%,160,650,26%,64%,,在手订单饱满，新兴领域持续放量,0.71086
1,电子,,天岳先进,430,1800,11%,23%,15,100,650%,扭亏,,SiC 8寸衬底在海外眼镜客户放量，CoWoS有望在封装使用SiC材料,0.73258
1,电子,,英诺赛科,600,2300,55%,70%,-50,-200,50%,50%,,硅基氮化镓全球行业龙头，8英寸产能全球领先,0.75581
1,电子,半导体材料,安集科技,796,3365,34%,34%,258,949,25%,21%,,抛光液龙头，业绩稳健增长,0.76977
1,电子,半导体材料,鼎龙股份,889,4015,-2%,10%,299,1261,53%,59%,V,抛光垫龙头，半导体材料平台公司，业绩快速增长,0.78372
1,电子,半导体材料,雅克科技,2803,10094,29%,17%,442,1388,46%,35%,V,通过跨境并购转型为半导体材料平台型企业，前驱体业务营收全球前三， 同时是国内LNG保温绝热材料打破国外垄断的独家供应商,0.8062
1,电子,半导体材料,兴福电子,430,2099,24%,42%,68,371,33%,81%,,%），深度绑定长江存储、中芯国际等头部晶圆厂，受益国产替代与扩产,0.84341
1,电子,半导体材料,飞凯材料,944,3938,24%,22%,133,594,33%,46%,,、临时键合方案）、液晶显示材料，构建多元化材料矩阵，并在第三代半,0.88682
1,电子,半导体材料,立昂微,1200,4636,42%,32%,-17,113,减亏,扭亏,,能源汽车等场景，受益于AI算力对功率器件硅片需求的拉动；同时是国内,0.931
1,电子,半导体材料,沪硅股份,1190,5328,33%,43%,-545,-2146,亏损扩大,亏损扩大,,国内半导体硅片龙头，12英寸大硅片国产化核心供应商，受益于晶圆厂扩 产与国产替代长期趋势,0.96744
1,电子,半导体材料,西安奕材,881,3445,36%,30%,-126,-601,减亏,减亏,,国内12英寸硅片领域的重要新兴力量，聚焦大硅片国产化,0.98827
2,电子,,华大九天,327,1582,22%,19%,-17,-60,亏损扩大,转亏,,国内EDA（电子设计自动化）全流程工具链龙头，模拟电路设计EDA工具,0.02546
2,电子,EDA,概伦电子,151,559,19%,16%,15,25,-67%,-28%,,专注器件建模和电路仿真EDA工具，在存储器设计领域具备差异化竞争优,0.06619
2,电子,消费电子,广立微,239,954,33%,30%,36,121,21%,38%,,聚焦芯片良率提升领域的EDA软件与测试设备，在晶圆厂良率管理环节具,0.10275
2,电子,消费电子,立讯精密,72500,404230,16%,22%,4350,22232,21%,34%,,算力电连接产品导入海外大客户+AI端侧升级+苹果销量有望超预期,0.14358
2,电子,消费电子,领益智造,12700,57343,5%,11%,370,3200,2%,40%,,苹果业务稳健增长，积极布局AI液冷,0.17006
2,电子,消费电子,三环集团,3350,13866,45%,54%,1072,4437,52%,69%,,SOFC伴随海外大客户放量+顺周期需求回暖+MLCC国产替代加速,0.19043
2,电子,消费电子,顺络电子,2150,8832,22%,31%,270,1237,7%,21%,,Al电感放量+车载业务放量＋新兴领域布局,0.21087
2,电子,消费电子,江海股份,1850,7734,20%,41%,240,1005,16%,49%,,光储业务底部向上+超容/牛角电容在AI服务器应用,0.22909
2,电子,消费电子,蓝特光学,567 0,2184,76%,42%,170,701,194%,80%,,微棱镜、模造玻璃、半导体光学业务快速增长,0.24745
2,电子,海外科技（百,（GAAP利润,91239,429888,95%,99%,51500,227600,100%,90%,V,全球最大GPU公司,0.28823
2,电子,海外科技（百,台积电,40000,125180,33%,37%,19800,83300,54%,53%,V,全球最大晶圆代工厂,0.32702
2,电子,海外科技（百,博通,29931,108269,88%,70%,15900,51722,89%,53%,,全球最大交换机芯片公司,0.34736
2,电子,海外科技（百,（调整后利润,4450,19273,67%,56%,260,1179,56%,68%,,AI服务器及交换机代工,0.38391
2,电子,万美元）,（调整后利润,11200,55306,46%,60%,2650,13391,239%,96%,,全球知名CPU/GPU公司,0.44196
2,电子,万美元）,（调整后利润,470,2451,110%,84%,230,960,134%,48%,,全球AEC龙头,0.5
2,通信,国产芯片,寒武纪,4500,156 86,154%,141%,18 00,51 22,164%,149%,V,国产大模型与芯片加速迭代，公司作为芯片龙头持续受益,0.65682
2,通信,国产芯片,中际旭创,289 12,937 56,133%,145%,85 00,298 07,252%,176%,,800G高景气延续、1.6T率先放量，硅光与高端产品结构升级驱动利润弹性,0.68941
2,通信,光模块,新易盛,114 11,490 98,79%,98%,38 00,185 34,60%,94%,,下游AI大客户需求持续旺盛，800G主力产品放量叠加1.6T交付改善推动业,0.81772
2,通信,光模块,天孚通信,16 22,87 42,7%,69%,600,33 30,7%,65%,,光引擎及高速光器件需求稳步释放，CPO/1.6T产业趋势继续支撑中长期成 长,0.85743
2,通信,光模块,源杰科技,495,16 59,311%,176%,250,7 72,674%,305%,,数据中心CW光源加速放量，公司作为光芯片核心标的迎来业绩高弹性释,0.89613
2,通信,光模块,太辰光,9 33,28 77,104%,86%,180,6 28,92%,110%,,高密度光连接器需求恢复增长，受益北美AI数据中心与CPO/010光互联升 级趋势,0.93369
2,通信,光模块,亨通光电,403 23,838 83,115%,25%,25 00,69 58,137%,160%,,光通信与能源互联业务共振增长，海缆、光纤光缆及海外需求释放推动业,0.97149
3,计算机,国产算力,寒武纪,4 500,,150%,,15,,300%,,,,0.13851
3,计算机,国产算力,海光信息,5 515,,80%,55%,1 217,,75%,77%,,,0.15878
3,计算机,国产算力,中科曙光,3 851,,18%,18%,678,,25%,34%,,,0.17905
3,计算机,国产算力,科大讯飞,7 191,,15%,19%,-32,,30%,40%,,,0.22185
3,计算机,智能汽车,拓尔思,127,,6%,8%,-43,,15%,16%,,,0.26467
3,计算机,信创,达梦数据,,,30%,30%,,,30%,30%,,,0.34797
3,计算机,信创,中国软件,,,10%,12%,,,50%,60%,,,0.37053
3,计算机,信创,太极股份,,,10%,12%,,,80%,120%,,,0.39077
3,计算机,信创,神州数码,,,6%,8%,,,30%,35%,,,0.41104
3,计算机,医疗IT,卫宁健康,,,10%,12%,,,60%,80%,,,0.43128
3,计算机,医疗IT,创业慧康,,,8%,10%,,,60%,70%,,,0.45383
3,计算机,医疗IT,润达医疗,,,8%,10%,,,55%,65%,,,0.47416
3,计算机,医疗IT,金山办公,,,20%,25%,啵mB晚起形晚亚这经死206刚,,20%,25%,,,0.49437
3,计算机,云计算,广联达,,,6%,7%,,,40%,50%,,,0.51565
3,计算机,云计算,用友网络,,,8%,10%,,,30%,40%,,,0.53716
3,计算机,云计算,石基信息,,,25%,30%,,,80%,120%,,,0.55743
3,计算机,云计算,浪潮信息,,,20%,35%,,,120%,30%,,,0.57888
3,计算机,算力租赁,万兴科技,,,15%,16%,,,80%,120%,,,0.60016
3,计算机,算力租赁,协创数据,,,68%,68%,,,280%,108%,,,0.6205
3,传媒互联网,互联网媒体,腾讯控股,203856,829091,11%,10%,66835,260145,6%,0 2%,,主业收入稳健增长，但短期AI Capex加大影响利润，微信AI,0.80405
3,传媒互联网,互联网媒体,哔哩哔哩,7922,33054,8%,9%,687,3092,22%,19%,V,yoy+30%，显著跑赢大盘，预计全年高增速维持；26H2新游上线周期关,0.85811
3,传媒互联网,互联网电商,阿里巴巴,269182,1121775,9%,10%,24923,107037,-17%,66%,,悲观情绪已较充分体现，静待多重基本面拐点,0.89977
3,传媒互联网,旅游综合,携程,15925,69097,7%,11%,4370,17457,-2%,-45%,,宏观影响+运营调整，Q2业绩或承压,0.92008
3,传媒互联网,广告营销,分众传媒,3418,13534,5%,6%,1622,6075,6%,106%,,主业稳健，业绩具备韧性,0.94032
3,传媒互联网,光学光电子,禾赛,867,4363,23%,44%,93,591,27%,7%,V,主业盈利持续兑现，物理AI打开成长曲线,0.96284
4,非银,保险,众安在线,n.a,n.a,n.a,n.a,n.a,1466,n.a,33%,,预计2026年全年利润仍将延续高弹性增长,0.15694
4,非银,保险,中国太平,n.a,n.a,n.a,n.a,n.a,20277,n.a,-25%,V,估值低，上半年利润低基数,0.18472
4,非银,保险,新华保险,59 429,154 830,62%,-2%,16172,41460,81%,14%,V,Q2负债端高增长，强贝塔+较强的投资能力,0.20972
4,非银,保险,友邦保险,n.a,n.a,n.a,n.a,n.a,7578,n.a,22%,,全球资产配置的负债端成长性标的,0.23734
4,非银,保险,中国太保,126 574,443 990,19%,2%,26875,66703,47%,25%,,A股估值最低，资产负债表现稳健，Q3基数不高全年利润预计正增长,0.27639
4,非银,保险,中国人保,195 969,691 364,17%,3%,23062,50021,,7%,V,长期投资标的，寿险负债成本下降、财险承保持续改善、健康险利润快速,0.32917
4,非银,券商,中国平安,323 928,1 126 892,21%,7%,61675,159200,,18%,,高股息标的，全年利润基数不高预计正增长,0.36806
4,非银,券商,广发证券,13 151,47593,61%,34%,5260,17983,,31%,,再融资增资海外子公司，国际化布局将提速,0.39444
4,非银,券商,国泰海通,23 526,77826,94%,23%,9646,30394,,9%,,综合实力领先，行业推进建设国际一流投行的潜在标的,0.42083
4,非银,券商,中国银河,8 853,32620,43%,15%,4117,14826,,18%,,传统经纪业务受益于高成交额，境外业务占比持续提升,0.44583
4,非银,券商,东方证券,4 974,18651,90%,21%,2139,70710,,26%,,吸收合并上海证券后，综合实力有望提升,0.47222
4,非银,券商,香港交易所,8 288,33183,16%,14%,5263,20526,,16%,,受益于成交额高增带来的戴维斯双击,0.49861
4,非银,券商,渤海租赁,12 395,46274,9%,-13%,1137,3529,,969%,V,资产端受益于飞机行业高景气度，负债端受益于成本率下行,0.525
4,非银,券商,江苏金租,1 614,6537,10%,10%,853,3591,,10%,,聚焦小微零售，量价双驱+三位一体风控构筑护城河,0.55139
4,非银,,南华期货,682,1863,20%,34%,246,696,,43%,,A股市场稀缺期货上市标的，境外业务行业领先,0.57639
4,非银,,中国船舶租赁,n.a.,4134,n.a.,2%,n.a.,2051,,11%,,高股息标的，受益于油运行业高景气度，股息率约6%,0.60417
4,非银,多元,中银航空租赁,n.a.,2777,n.a.,6%,n.a.,835,,30%,,高股息标的，受益于飞机租赁行业高景气度，股息率约5%,0.63194
4,非银,多元,中信股份,n.a.,814201,n.a.,6%,n.a.,61856,,5%,,高股息标的，业绩稳健，股息率约6%,0.65833
4,非银,多元,易鑫集团,n.a.,13006,n.a.,13%,n.a.,1522,,27%,,二手车业务扩张、渗透率提升驱动业绩高速增长,0.68472
4,非银,多元,远东宏信,n.a.,36889,n.a.,3%,n.a.,4041,,4%,,高股息标的，业绩稳健，股息率超9%,0.70694
4,非银,多元,湘财股份,592,2891,13%,19%,102,527,,14%,,金融科技赋能的特色财富管理发展路径，拟吸收合并大智慧具备想象空间,0.74861
4,非银,多元,中油资本,8 301,39607,-6%,1%,2792,4931,,4%,,背靠中国石油集团，产业链客户资源丰富，盈利具备韧性,0.79044
4,非银,多元,四川双马,309,1575,2%,47%,156,441,,48%,,围绕多肽打造创新药产业平台，科技赛道投资能力卓越+政策支持创投的,0.8277
4,非银,,中国光大控股,n.a.,1704,n.a.,4%,n.a.,-690,n.a.,-66%,,国内领先的跨境投资与资产管理平台，拥有超28年私募股权投资经验,0.88194
4,非银,,盛业,n.a.,1494,n.a.,23%,n.a.,622,n.a.,30%,,,0.94861
5,医药,药品,百济神州,11 400,49 500,19%,20%,1 190,5 390,200%,140%,,泽布替尼延续高速放量态势，维持全球BTKi市场领导地位，盈利能力加速,0.17985
5,医药,药品,三生国健,420,1 800,28%,-57%,160,610,84%,-79%,V,707辉瑞牵头开展多项全球I期里程碑逐步兑现及后续销售分成预期，自研,0.25
5,医药,药品,君实生物,968,3 344,45%,34%,,-495,-,-,,Q3出PD1/VEGF双抗联合EGFR/HER3 ADC的数据，存在BD机遇,0.30556
5,医药,药品,康诺亚,-,2 871,-,301%,,1 098,-,-,V,CM310销售放量超预期，CM512数据读出在即，长效优势明显，且26H2,0.34378
5,医药,,药明康德,13 931,54 330,25%,20%,4623,19530,27%,31%,J,Tides业务快速放量，小分子DM全球竞争力领先,0.38596
5,医药,CXO,药明合联,,8 040,-,35%,,2090,-,34%,,ADC行业景气度旺盛，公司逐步由向商业化放量推进,0.42836
5,医药,,凯莱英,1 950,8 070,18%,21%,350,1580,25%,26%,,持续布局ADC、GLP-1等新分子业务，业绩快速增长,0.46912
5,医药,,迈瑞医疗,9 015,35 945,6%,8%,2 614,8 200,7%,1%,,国内医疗设备需求逐步复苏，海外诊断及新业务快速增长,0.49708
5,医药,,惠泰医疗,812,3 230,25%,25%,284,1 001,23%,22%,,电生理PFA新产品快速推广，血管介入持续国产替代,0.52339
5,医药,医疗器械,鱼跃医疗,2 334,8 432,5%,6%,490,1 602,-15%,8%,,CGM等系产品份额持续提升，海外市场拓展逐步进入收获期,0.69152
5,医药,医疗器械,安图生物,1 192,4 563,12%,8%,334,1 086,11%,2%,,国内降价影响逐步进入尾声，分子质谱等新产品拓展迅速,0.7193
5,医药,生物制品,心脉医疗,432,1 594,13%,18%,190,638,3%,13%,,外周介入产品注册完善，海外市场高速增长,0.74561
5,医药,生物制品,甘李药业,1 200,4 500,11%,11%,400,1 430,37%,30%,,三代胰岛素龙头，研发及出海进度领跑,0.77339
5,医药,生物制品,特宝生物,1 046,4 435,25%,20%,308,1 250,25%,21%,,慢乙肝治愈龙头，长效干扰素持续放量，生长激素贡献增量业绩,0.79974
5,医药,医疗服务,爱尔眼科,5810,24141,6%,8%,1061,2975,6%,-8%,,眼科医疗服务龙头，屈光高端术式放量贡献增长,0.82879
5,医药,医疗服务,通策医疗,809,3263,15%,12%,158,562,15%,12%,,齿科医疗服务龙头，大部制改革初显成效,0.85526
5,医药,医疗服务,华厦眼科,1119,4470,7%,8%,142,476,7%,8%,,眼科医疗服务龙头，屈光高端术式放量贡献增长,0.88308
5,医药,药店,益丰药房,6 055,26 472,6%,8%,484,1 886,13%,12%,,,0.92553
5,医药,药店,大参林,6 796,28 958,4%,5%,423,1 471,25%,19%,,降本增效成果显著，26年继续在自建并购加盟方面加速扩张。,0.9664
6,医药,中药,东阿阿胶,1 399,7 513,5%,12%,420,1 994,7%,15%,,稳增长高股息的优质中药消费标的，十五五战略值得关注。,0.0251
6,医药,中药,济川药业,1 223,6 224,0%,0%,298,1 783,5%,0%,,在手现金充足、高股息中药标的。,0.04317
6,电新,,钧达股份,0,2500~255 10000~10050,41%,31%,-30~20,350~400,同比减亏,同比扭亏,,独立电池片供应龙头，太空光伏引领者,0.18576
6,电新,,爱旭股份,0,5050~510 20350~20400,18%,30%,-200~-250,500~550,同比亏损,同比扭亏,,BC路线唯二量产企业，有望率先走出周期底部,0.22303
6,电新,,迈为股份,,1450~150 9000~9050,-26%,11%,90~140,700~750,-50%,0%,,GW级方案引领HJT产业化加速，半导体、显示领域再获突破。,0.26005
6,电新,,福斯特,4000,16000,-8%,3%,130~170,500~700,217%,69%,,光伏胶膜龙头，成本优势显著，电子材料逐步放量,0.28929
6,电新,,横店东磁,5600,23000,-17%,2%,-1300~-1000,-3500~-2000,-33%,0%,,磁材+新能源双轮驱动，差异化战略保障光伏盈利领先,0.31627
6,电新,,隆基绿能,15000,60000,-22%,-15%,-2000~-1300,-5000~-3000,-46%,38%,,硅片、一体化龙头，BC出货量逐季提升，有望率先走出底部,0.35442
6,电新,,天合光能,20000,78000,20%,16%,0~300,-1000~500,109%,96%,,一体化龙头，储能快速放量，分布式、支架等多业务协同发展,0.39258
6,电新,,晶科能源,15000,60000,-17%,-8%,-1300~-1000,-3000~-2000,24%,64%,,一体化龙头，TOPCon技术行业领先,0.42972
6,电新,光伏,阿特斯,9000,38000,-28%,-6%,200~400,1500~2000,-56%,72%,,一体化及大储龙头，大储盈利维持较高水平,0.46683
6,电新,光伏,晶澳科技,9500,43000,-28%,-12%,-2000~-1300,-5000~-3000,-22%,40%,,一体化龙头,0.50402
6,电新,光伏,通威股份,11000,60000,-55%,-29%,300~450,1700~2000,-10%,27%,,多晶硅、电池片双龙头，成本行业领先,0.54116
6,电新,光伏,TCL中环,6500,28000,-11%,-4%,-3000~-2200,-8000~-6000,29%,46%,,光伏硅片龙头,0.57928
6,电新,光伏,永臻股份,2500,12000,-20%,12%,-1800~-1500,-6000~-4000,-50%,168%,,光伏边框龙头，越南产能高溢价，收购捷诺威布局液冷第二成长曲线,0.61647
6,电新,光伏,联泓新科,2300,9000,68%,42%,0~25,100~200,68%,96%,,EVA树脂龙头，电解液溶剂、VC、隔膜原材料等锂电材料逐步放量,0.65361
6,电新,,福莱特,3300,14000,-10%,-10%,150~450,1200~1400,-165%,-100%,,光伏玻璃龙头，成本持续领先行业,0.69076
6,电新,,美畅股份,550,2400,-6%,11%,-300~100,-200~200,55%,105%,,金刚线龙头，钨丝快速渗透带动盈利修复,0.71988
6,电新,,捷佳伟创,1450~150,6500~6550 -65%,,-58%,70~110,400~600,-78%,-59%,,TOPCon电池片设备龙头，平台化布局拓宽公司成长空间。,0.74507
6,电新,,奥特维,,2050~210 7450~7500,12%,17%,100~150,600~650,-25%,40%,,光伏业务订单企稳，光模块检测设备+固态设备重新打开想象空间,0.77697
6,电新,,高测股份,,950~1000 4150~4200,27%,14%,0~50,150~200,同比扭亏,同比扭亏,,充分发挥技术闭环研发优势，新产品迭代助力公司穿越周期。,0.81325
6,电新,,拉普拉斯,,1350~140 5450~5500 -15%,,0%,150~200,650~700,21%,8%,,BC镀膜设备市占率接近100％，新技术迭代推动量价齐升。,0.84839
6,电新,储能,帝尔激光,,650~700 2600~2650,11%,29%,150~200,650~700,7%,30%,,光伏激光技术开拓者，全电池路线产品布局，龙头地位稳固,0.88455
6,电新,储能,聚和材料,0,5500~555 22050~22100,61%,51%,250~300,1000~1050,202%,144%,,光伏银浆龙头，收购blankmask海外公司，搭建平台型材料企业。,0.92369
6,电新,储能,阳光电源,28160 05,106592,15%,20%,3000,15802,-26%,17%,,光储龙头，转型AIDC电源,0.9508
6,电新,储能,德业股份,5344 2,20710,80%,69%,1900,5447,133%,72%,,光储龙头，户储&工商储高增长,0.96988
6,电新,储能,科士达,1523 75,6952,25%,32%,190,904,32%,48%,,UPS&户储龙头，数据中心业务高景气,0.98695
7,电新,液冷,申菱环境,T10650:170 6750-6800,,59%,61%,100~150,400~450,30%,96%,,垂直一体化温控解决方案商，数据中心+电力板块双轮驱动。,0.01965
7,电新,液冷,科创新源,,500~550 2000~2050 82% 75%,,,0~50,200~250,233%,525%,,"“材料＋部件""垂直整合，卡位服务器液冷赛道前排",0.04796
7,电新,液冷,宁德时代,160000~170000,600000,70%,40%,24000~26000,100000,52%,39%,,锂电龙头，盈利、份额均呈现超额韧性+弹性,0.07783
7,电新,液冷,恩捷股份,4485~4680,18600,50% 37%,,300~350,2000,同比扭亏,1300%,,锂电隔膜龙头，盈利、份额均呈现超额韧性+弹性,0.10928
7,电新,液冷,星源材质,1100~130,6000,20%,45%,120~180,480~720,178%,1567%,V,Q2干法、湿法价格利润均呈现改善，业绩修复弹性大,0.13994
7,电新,,厦钨新能,,26150,52%,30%,230~260,1100,29%,46%,,钴酸锂稳健龙头，硫化锂、NL结构正极等新技术领先,0.16903
7,电新,锂电,天赐材料,7600~8000,33000,118%,99%,1400~1700,6700,1213%,392%,,锂电电解液龙头，盈利、份额均呈现超额韧性+弹性,0.19737
7,电新,锂电,亿纬锂能,24658,99323,60%,62%,1684~1925 7000~7500,,257%,74%,,储能电池领军企业，高稼动率，盈利稳健,0.2272
7,电新,锂电,蔚蓝锂芯,2800,10071,40%,24%,280~320,1100~1300,52%,55%,V,小圆柱电池龙头，全极耳电池开始放量,0.25708
7,电新,锂电,鹏辉能源,7600,23146,191%,94%,450~500,1700~2000-1198%,,725%,,储能电池领军企业，大储+户储盈利修复,0.2862
7,电新,锂电,富临精工,6500,36268,109%,169%,300~350,1600~1800,610%,298%,,高压实铁锂龙头企业，份额、盈利稳步上行,0.31614
7,电新,锂电,湖南裕能,16000,63622,111%,84%,1000~1500 3800~4500,,545%,213%,,铁锂龙头企业，受益碳酸锂库存+铁锂提价,0.3467
7,电新,锂电,万润新能,4600,28311,113%,146%,300~350,1100~1400,-318%,转正,,铁锂领军企业，受益碳酸锂库存+铁锂提价,0.37736
7,电新,锂电,尚太科技,2450,10132,39%,28%,220~250,1100~1300,0%,27%,,负极龙头企业，受益提价,0.40645
7,电新,锂电,中科电气,2800,11042,39%,30%,70~100,75~85,-42%,38%,,负极龙头企业，受益提价,0.42689
7,电新,,璞泰来,5100,20555,32%,31%,700~730,3000~3400,27%,81%,,隔膜涂覆龙头企业，受益隔膜、负极、PVDF等需求增长,0.45117
7,电新,氢能,科达利,4700,20115,30%,32%,500~550,2200~2400,38%,981%,,结构件龙头企业，受益电池需求增长,0.48111
7,电新,氢能,多氟多,3700,16904,,79%,400~500,2000~2200,转正,2455%,,6F企业，受益6F价格高位及氟化工涨价,0.51177
7,电新,氢能,华盛锂电,400,1500,,73%,,,转正,,,VC龙头，受益VC价格高位,0.53381
7,电新,氢能,海科新源,1600,7200,,43%,,,转正,,,溶剂龙头，受益VC价格高位及丙二醇提价,0.54796
7,电新,氢能,嘉泽新能,600,2530,,1%,,,-40%,,,绿醇核心标的加速布局，风电主业稳增提供安全边际,0.56368
7,电新,氢能,华电科工,2900,12014,,15%,,,4%,,,电解槽头部公司，海风工程今年30亿项目已开工贡献利润增量,0.57856
7,电新,氢能,科威尔,200,638,,24%,,,60%,,,拓展数据中心测试电源业务，光储、锂电设备底部企稳，再迎成长,0.59278
7,电新,氢能,电投绿能,3500,13953,,6%,,,310%,,,绿醇5万吨项目已投产，辐射海外，LNG储运罐和加注船需求旺盛,0.6077
7,电新,氢能,思源电气,7115,28500,,32%,,,30%,,,输变电一次设备民企龙头，海外业务快速增长,0.62264
7,电新,氢能,金塩科技,2264,9500,,30%,,,30%,,,AIDC配电变压器龙头，海外订单持续兑现，SST进展顺利,0.63758
7,电新,氢能,三星电气,4341,16500,,15%,,,20%,,,配用电&医疗双轮驱动，海外配电业务进展迅速,0.65244
7,电新,中网则T坨,明阳电气,1410,8000,,16%,126,700,-35%,,,深耕新能源变压器，海风、储能、数据中心下游扩容＋新品类拓展＋出海贡 献成长性,0.67531
7,电新,中网则T坨,平高电气,3504,14500,,16%,352,1350,15%,,,高压开关龙头，受益于特高压、配网建设,0.69654
7,电新,中网则T坨,中国西电,7163,28000,18%,18%,,1550,25%,,,一次设备龙头，受益特高压&主网建设，网外&海外市场贡献新增量,0.72017
7,电新,中网则T坨,海兴电力,1310,5500,15%,15%,,850,5%,驱EXIx,,电表出海龙头，海外新能源&配电业务加速拓展,0.74204
7,电新,中网则T坨,国能日新,228,900,30%,25%,,170,30%,,,功率预测领先地位稳固，受益于电改进程持续推进,0.75708
7,电新,mw上江,汇川技术,13261,54000,15%,20%,1810,6000,10%,19%,,工控龙头稳健增长，新能源汽车业务高速增长，机器人构建长期成长空间,0.85692
7,电新,mw上江,信捷电气,660,2650,35%,32%,109,345,35%,36%,,小型PLC龙头，中大型PLC+变频器突破开辟工控成长空间，与华为合作人 形机器人商业化落地,0.88679
7,电新,mw上江,雷赛智能,726,2600,45%,39%,95,350,50%,55%,,based控制器份额领先，拓展PLC+伺服完善运动控制平台化布局，机器人,0.92453
7,电新,mw上江,大洋电机,3233,13500,5%,10%,333,1200,5%,11%,,电机、灵巧手布局领先 全球电机领军企业，看好核心技术多赛道延展与价值重塑,0.95199
7,电新,,伟创电气,638,2400,25%,23%,105,340,25%,29%,,工控出海先锋，机器人布局领先,0.96855
7,电新,,宏发股份,5892,22500,35%,31%,664,2200,20%,25%,,全球继电器龙头，AIDC释放高压直流继电器增长潜力,0.98349
8,电新,,大金重工,1800-2100,8230,15%,33%,450-500,1900,50%,72%,,管桩出口龙头，欧洲海风建设加速，订单及业绩有望加速释放,0.03265
8,电新,风电,海力风电,800-1000,4000,-43%,-14%,60-100,300,-43%,-14%,,管桩头部企业，受益于国内深远海项目加速，出海有望实现突破性进展,0.07012
8,电新,风电,日月股份,1500-1700,6500,-17%,4%,130-140,600,-12%,8%,,铸锻件龙头，受益于国内风电需求维持高位,0.10874
8,电新,风电,东方电缆,3000-3400,12000,40%,11%,380-420,1600,108%,26%,,海缆龙头，受益于国内及欧洲海风建设加速,0.14736
8,电新,风电,金雷股份,740-760,3000,-4%,21%,100-120,450,-13%,43%,,主轴龙头，品类扩张及出海有望加速,0.1748
8,电新,风电,时代新材,5353,23643,5%,10%,164,627,8%,22%,,叶片龙二，超容隔膜打开向上空间,0.19412
8,电新,风电,明阳智能,7200-8000,42000,-19%,10%,260-300,1500,-9%,150%,,海上风机龙头，高价订单进入交付周期，欧洲产能有望实现突破性进展,0.22256
8,电新,风电,三一重能,4500-5500,30000,-22%,10%,260-300,1500,-30%,111%,,风机头部企业，高价订单进入交付周期，海外收入有望实现放量,0.26118
8,电新,风电,金风科技,14000-16000,93000,-21%,27%,750-850,4500,-13%,62%,,风机龙头，高价订单进入交付周期，绿氢氨醇逐步放量,0.29977
8,电新,,运达股份,4700-5700,34000,-24%,16%,50-70,700,-29%,106%,,风机头部企业，高价订单进入交付周期，业绩弹性有望迅速释放,0.33629
8,机械,燃气轮机,应流股份,9 5,39 3,30 0%,34 5%,13,,35 4%,,,燃气轮机需求上行，叶片需求爆发，看好公司叶片全球份额提升,0.49085
8,机械,燃气轮机,杰瑞股份,50 6,214 6,200%,32 3%,8 6,,10 3%,,,出口北美的国产燃机总成龙头，26年新签燃机订单上修至15-20亿美元,0.50915
8,机械,燃气轮机,西子洁能,16 3,738,3 0%,18 2%,09,,0 0%,,,燃机余热锅炉需求上行，看好26年北美余热锅炉订单加速落地,0.52642
8,机械,船舶,中国船舶,500 0,1924 1,＃＃＃＃##,26 6%,35 0,,92 4%,,,造船周期上行，高价船陆续交付，公司盈利能力持续提升,0.54675
8,机械,船舶,中国动力,168 7,680 0,100%,17 7%,70,,42 9%,,,柴油动力量价齐升，燃气轮机出海,0.56606
8,机械,海工,中集集团,420 0,1708 2,4 8%,91%,40,,45 5%,,,海工景气度上行，海工制造、海工租赁业绩高增,0.58435
8,机械,海工,振华重工,95 9,393 2,8 0%,8 4%,20,,124 7%,,,海工租赁日费率提升，海工业绩持续改善,0.60366
8,机械,轨交,中国中车,774 8,3002 8,9 0%,10 0%,46 1,,10 0%,,,铁路装备需求持续上行，公司业绩长期稳健提升,0.62297
8,机械,轨交,三一重工,302,1017,28%,13%,33,,21%,,,工程机械龙头，海外高增长,0.64126
8,机械,工程机械,徐工机械,355,1144,27%,13%,30,,29%,,,矿山机械国产龙头，内外销高增长,0.65955
8,机械,工程机械,中联重科,153,604,20%,16%,16,,20%,,,内销贡献正增量，海外市场高增长,0.67988
8,机械,光模块设备,柳工,108,379,20%,14%,7,,16%,,,26年轻装出发，内外销共振,0.69807
8,机械,光模块设备,联讯仪器,10,44,/,266%,3,,,,,光模块测试仪器龙头，光+存储共舞,0.71646
8,机械,光模块设备,博众精工,20,90,76%,37%,3,,55%,,,光模块设备翘楚，业绩快速增长,0.73679
8,机械,刀具,华锐精密,3 9,170,31%,70%,10,,92%,,,数控刀具龙头，受益钨涨价弹性较强,0.75505
8,机械,刀具,欧科亿,60,26 0,99%,78%,20,,/,,,数控刀具龙头，受益钨涨价弹性较强，加大PCB微钻布局,0.77332
8,机械,机床,纽威数控,88,37 0,24%,28%,0g,,30%,,,机床龙头，受益顺周期复苏+新兴产业爆发,0.79158
8,机械,机床,海天精工,102,38 5,10%,14%,14,,3%,,,机床龙头，受益顺周期复苏+新兴产业爆发,0.81201
8,机械,矿山机械,耐普矿机,3,13,37%,29%,25,,127%,,,矿山机械耗材龙头，行业高景气＋新产品放量前景广阔,0.83028
8,机械,机器人,杰克科技,19,76,20%,15%,62,,11%,,,,0.85061
8,机械,机器人,恒立液压,35,139,27%,27%,90,,11%,,,高端液压件龙头份额不断提升，人形机器人卡位核心环节,0.86789
8,机械,叉车,杭叉集团,51,219,6%,10%,7,,0%,,,叉车国际化推进，布局具身机器人,0.8872
8,机械,叉车,安徽合力,55,218,8%,10%,5,,2%,,,叉车国际化推进，布局具身机器人,0.90752
8,机械,农机,一拖股份,27,122,15%,13%,3,,25%,,,农机出海，内需回升,0.92471
8,机械,X射线检测,日联科技,4,16 5,45%,53%,07,,45%,,,［光模块检测设备+PCB背钻检测设备,0.94309
8,机械,电子大宗气,广钢气体,75,33,30%,37%,18,6,100%,,,两存扩产核心标的，今年大规模中标,0.9624
8,机械,超声检测,骄成超声,24,11 2,35%,45%,07,,100%,,,半导体超扫受益存储扩产,0.98171
9,具身智能,人形机器人,奥比中光,268,1600,10%,72%,40,256,12%,94%,,全球深度相机龙一，破圈3D打印机＋数据采集爆发+Q1机器人收入翻三倍,0.0993
9,具身智能,人形机器人,绿的谐波,250,1000,63%,75%,50,200,52%,61%,V,全球人形机器人谐波减速器龙一，订单持续超预期,0.1239
9,具身智能,人形机器人,三花智控,9625,35353,12%,14%,1363,4713,13%,16%,,T链执行器龙头，拓展传感器、手部丝杠等新业务,0.14148
9,具身智能,人形机器人,拓普集团,7884,33427,10%,13%,788,3168,8%,14%,,T链执行器龙头，液冷+商业航天拓展新增长空间,0.15729
9,具身智能,人形机器人,柯力传感,425,1745,15%,12%,107,388,10%,14%,,传感器森林布局完善，六维力矩传感器出货上千台,0.17311
9,具身智能,人形机器人,宁波华翔,6000,25281,-9%,-6%,360,1589,157%,225%,,北美合资打造机器人供应平台，PEEK全球卡位龙头,0.19069
9,具身智能,人形机器人,银轮股份,4500,18006,20%,20%,270,1140,18%,20%,,热管理平台型龙头，燃发+液冷高成长性，机器人卡位头部客户，主业稳,0.21529
9,具身智能,人形机器人,兆威机电,420,2200,0%,28%,50,340,-15%,28%,,微驱动龙头，机器人微电机＋齿轮箱+灵巧手全面布局,0.23978
9,汽车,乘用车,理梘汽车,24197,122419,-20%,9%,-1202,1714,-210%,52%,,全新换代车型带动销量和盈利全面反转，全面迈向具身智能,0.35586
9,汽车,乘用车,吉利汽车,105930,456142,36%,32%,5467,22661,51%,34%,,出口&高端车型贡献极大利润弹性，全动力车型谱系布局,0.37346
9,汽车,乘用车,小鹏汽车,19600,95500,7%,24%,-1000,-1790,-109%,-57%,,Q2开启强势产品周期，L03上市在即；从智驾领先的主机厂向物理AI公司,0.39723
9,汽车,乘用车,零跑汽车,25502,106453,79%,64%,557,4210,448%,682%,,强势新车周期带动销量持续高增，出口增长提速,0.42267
9,汽车,乘用车,比亚迪,220491,962091,10%,20%,8232,38212,30%,17%,,出口有望延续高增、贡献极大利润弹性，闪充车型带动内销量利底部向上,0.44733
9,汽车,乘用车,长城汽车,59820,260883,14%,17%,4230,12853,-8%,30%,,差异化品类布局带动出口增长提速，中高端新车大年,0.47197
9,汽车,汽零,伯特利,3028,15050,20%,25%,307,1520,22%,16%,,EMB率先量产，收购豫北加速全线控底盘布局,0.4877
9,汽车,汽零,爱柯迪,2130,9150,19%,23%,240,1420,-24%,21%,,铝压铸中小件隐形冠军，出海及新业务加速拓展,0.50536
9,汽车,汽零,继峰股份,6750,27100,23%,19%,180,801,264%,77%,,海外子公司格拉默业绩持续改善，座椅进入业绩兑现期,0.52197
9,汽车,汽零,岱美股份,1680,7370,6%,15%,240,1040,642%,58%,,主业从遮阳板头枕向大内饰布局，开拓机器人第二成长曲线,0.53866
9,汽车,汽零,无锡振华,755,3440,10%,16%,130,530,22%,14%,,冲压件老牌零部件公司，开拓功率半导体电镀第二成长曲线,0.55448
9,汽车,商用车,福田汽车,16500,64000,6%,4%,500,2100,47%,54%,,商用车出海领军企业，重卡高增+轻卡轻客出口高增&区域及燃料结构升级,0.57909
9,汽车,商用车,一汽解放,19500,67000,42%,7%,250,1000,2760%,38%,,重卡出口Q2环比显著增长，探索车用发动机转型发电应用,0.60555
9,汽车,商用车,中国重汽A,20500,62100,55%,8%,450,2200,26%,32%,,重卡龙头，出口高增驱动业绩增长,0.62127
9,汽车,商用车,潍柴动力,64000,245500,15%,6%,3500,14300,19%,31%,,AIDC柴发备电、燃气主电龙头，持续受益于北美缺电,0.63708
9,军工,主机厂,中航成飞,2662,80441,-55%,7%,74,3700,-62%,9%,,,0.75044
9,军工,主机厂,中航沈飞,4694,48954,80%,10%,203,3500,23%,6%,,,0.76714
9,军工,主机厂,中航西飞,5810,42581,-17%,4%,210,1252,-15%,9%,,,0.78383
9,军工,两机,洪都航空,1533,10471,73%,41%,15,100,168%,307%,,,0.80042
9,军工,两机,航发动力,9108,50024,6%,8%,32,608,-20%,-4%,,,0.81634
9,军工,两机,中航重机,3666,11476,15%,13%,113,745,-66%,22%,,,0.83381
9,军工,两机,国博电子,7136,2917,-9%,22%,55,623,-99%,23%,,,0.84886
9,军工,军工电子,振华科技,1383,5976,-8%,4%,97,1116,-73%,9%,,,0.94473
9,军工,军工电子,国睿科技,1897,4050,40%,21%,105,775,2%,23%,,,0.96046
9,军工,军工电子,航天电器,1617,6831,10%,17%,15,386,12%,111%,,,0.97616
10,交运,航运,中远海能,8577,35541,46%,49%,2350,12396,102%,207%,,全球油运龙头，受益于霍尔木兹海峡放开后全球原油成品油补库,0.14966
10,交运,航运,中远海控,52500,225344,3%,3%,6620,24033,13%,-22%,,全球集运龙头，受益于红海、中东局势升级，绕行带来效率损失提价,0.1826
10,交运,航运,中谷物流,2790,11203,1%,6%,430,2086,-19%,4%,,内贸集运龙头，造船价格低，新船型为外贸稀缺船型，租金回报率高,0.22917
10,交运,快递,顺丰控股,80760,336322,5%,,,12196,,,,高端时效网络主导者，构建快递、快运、空运、供应链与国际的全栈物流,0.27574
10,交运,快递,中通快递-W,14120,55654,19%,x0xx6,,,YNXewi,灿xuxu,V,国内通达快递龙头，受益于行业反内卷带来的利润与市占率回升,0.31005
10,交运,快递,南方航空,48940,199622,5%,,,,,,,国内三大航之一，枢纽为广州白云机场，受益于油价回落与国际线增开,0.34436
10,交运,航空,中国国航,46720,192271,10%,12%,,,NA,129%,,国内三大航之一，枢纽为北京首都机场，受益于油价回落与国际线增开,0.38971
10,交运,航空,春秋航空,6470,25310,30%,,,,,,,国内低成本航空龙头，以上海为主枢纽，极致的低成本导致经营优势显著,0.43382
10,交运,机场,吉祥航空,6100,25151,14%,,,,,,,国内民营精品航空公司，以上海为主枢纽，经营成本显著低于三大航，开,0.48164
10,交运,机场,上海机场,3230,14422,2%,X1WzX6xw,,,,X灿Xwx,,上海虹桥+浦东机场，国际旅客占比高，依靠商业带来超额盈利,0.51593
10,交运,机场,白云机场,2050,7781,8%,,,继瞅Qk0叫研形蜒加m4吼啊,,,,广州白云机场，国际旅客超过疫情前，T3投入后产能利用率待提升,0.53919
10,交运,跨境,嘉友国际,2140,9648,20%,,,,,,,主营蒙煤贸易、运输、仓储，第二增长曲线来自非洲的陆港，双轮驱动,0.57108
10,交运,跨境,东航物流,8320,27769,44%,14%,,,,,,东方航空的货运公司，拥有近20架777F，主营欧美长航线，受益于运价提,0.61758
10,交运,公路,中国外运,24160,107013,-10%,11%,,,,,,央企全链路物流，以代理业务稳定现金流，专业物流和电商服务向高附加,0.66419
10,交运,公路,皖通高速,1750,6675,90%,-1%,,,,,,安徽唯一公路现金牛企业，掌控长三角西翼核心网络,0.6973
10,交运,公路,宁沪高速,4730,20366,2%,0%,,,,,,长三角核心路网垄断企业，持有近1000公里长三角核心路产，长期现金流,0.73162
10,交运,公路,招商公路,3620,14135,27%,6%,1190,,,,,中国最长公路央企，掌控超8000公里核心路网，资产集中于高车流量经济,0.77819
10,交运,铁路,京沪高铁,11330,45019,5%,5%,3620,14022,,,,中国唯一上市高铁运营商，以轻资产模式运营核心高铁网络，路网服务贡,0.82467
10,交运,铁路,大秦铁路,21420,81469,10%,5%,,,,,V,亿吨级专线运煤，西煤东运主通道，大秦线运量占比高，服务高度刚性,0.8701
10,交运,港口,唐山港,1540,5929,14%,4%,,,,,,以干散货 核心业务的港口，分红率高,0.90431
10,交运,港口,宏川智慧,330,1478,23%,24%,0HaL晒az,8u毗awwu,3om器Ezo,,,石化仓储龙头，拥有超700万立方米储罐容量，客户粘性与定价权稳固,0.92522
10,交运,危化品,密尔克卫,4030,15223,9%,14%,,,,,,危险品全链条整合者，危化物流合规龙头，70万平方米全国危化仓储网络,0.96078
11,建材新材料,出海,科达制造,5000,20300,13%,17%,700,2600,76%,99%,,,0.09914
11,建材新材料,出海,中国巨石,5600,24000,21%,27%,1760,8500,84%,159%,,,0.11638
11,建材新材料,玻纤,国际复材,2700,11400,18%,32%,380,1850,113%,579%,,,0.1319
11,建材新材料,玻纤,中材科技,9000,35000,15%,16%,664,3200,4%,76%,,,0.14905
11,建材新材料,铜箔,宏和科技,550,2400,81%,113%,260,1200,360%,494%,,,0.16473
11,建材新材料,铜箔,铜冠铜箔,2100,2400,15%,15%,140,1000,364%,1496%,,,0.18017
11,建材新材料,玻璃,耀皮玻璃,1397,6488,3%,15%,60,180,37%,33%,,,0.19741
11,建材新材料,玻璃,旗滨集团,4105,17311,5%,10%,30,300,-93%,-52%,,,0.21282
11,建材新材料,玻璃,三棵树,4054,13780,10%,10%,370,1000,12%,29%,,,0.23005
11,建材新材料,消费建材,兔宝宝,2647,9948,12%,12%,160,1050,-4%,50%,,,0.2457
11,建材新材料,消费建材,悍高集团,1054,4493,28%,25%,211,950,41%,35%,,,0.26207
11,建材新材料,消费建材,东方雨虹,8500,31000,12%,12%,573,1800,54%,1489%,,,0.27845
11,建材新材料,基建,科顺股份,1916,6346,5%,5%,123,350,1805%,扭亏为盈,,,0.29569
11,建材新材料,基建,青龙管业,847,3942,30%,50%,60,250,218%,93%,,,0.31121
11,建材新材料,其他新材料,石英股份,326,1350,25%,34%,70,340,29%,122%,,,0.32672
11,建材新材料,其他新材料,麦加芯彩,475,1880,2%,10%,63,240,5%,14%,,,0.34388
11,公用事业,火电,华能国际,n.a,n.a,n.a,n.a,25.0~30.0,130,-42%~-30%,-10%,,全国性火电龙头，受益电量电价传导改善、容量电价提升和市场化交易增 收，盈利稳定性增强推动公用事业化重估。,0.48103
11,公用事业,火电,华电国际,n.a,n.a,n.a,n.a,12.0~15.0,58,-37%~-22%,-4%,,常规能源核心平台，气电及煤电容量收益贡献较高，容量电价稳定长期收 益，分红提升支撑价值重估。,0.525
11,公用事业,火电,申能股份,n.a,n.a,n.a,n.a,8.3~8.8,36,-22%~-17%,-10%,,上海负荷中心综合能源平台，火电红利属性突出，气电、新能源和投资收 益共同支撑稳健分红。,0.56983
11,公用事业,火电,皖能电力,n.a,n.a,n.a,n.a,4.0~4.5,18,-37%~-29%,-16%,,安徽省级能源平台，火电基本盘稳固、新能源提速扩张，明确分红规划增 强中长期股东回报确定性。,0.61207
11,公用事业,火电,浙能电力,n.a,n.a,n.a,n.a,14.0~17.0,60,-43%~-30%,-20%,,浙江负荷中心火电龙头，机组区位价值高，参股核电贡献稳定收益，分红 能力具备持续提升空间。,0.65517
11,公用事业,水电,长江电力,n.a,n.a,n.a,n.a,85.0~90.0,350,8%~14%,1%,,全球大水电龙头，综合电价和现金流稳健，2026-2030 年高分红规划强化红利资产配置价值。,0.70172
11,公用事业,水电,国投电力,n.a,n.a,n.a,n.a,14.5~15.0,75,-16%~-13%,1%,,雅著江水电贡献核心利润，水风光一体化基地打开成长空间，兼具优质水 电现金流和新能源扩张弹性。,0.74914
11,公用事业,水电,华能水电,n.a,n.a,n.a,n.a,30.0~32.0,92,-3%~3%,8%,,澜沧江流域水电平台，流域梯级调度能力强，分红稳定增长，具备长期水 电红利配置价值。,0.79307
11,公用事业,绿电,川投能源,n.a,n.a,n.a,n.a,6.0~6.5,53,-39%~-34%,11%,,核心看雅砻江水电投资收益释放，来水改善及流域水风光一体化开发带来 长期成长空间。,0.83707
11,公用事业,绿电,龙源电力,n.a,n.a,n.a,n.a,11.0~13.0,50,-25%~-12%,10%,,风电龙头聚焦新能源主业，装机扩张、绿电绿证交易和补贴回款改善共同 支撑现金流修复。,0.88276
11,公用事业,核电,中国核电,n.a,n.a,n.a,n.a,16.0~18.0,85,-37%~-29%,-9%,,核电主业发电量增长和新机组投运支撑业绩，新能源短期承压但核电资产 稳定性和分红能力突出。,0.92586
11,公用事业,核电,中国广核,n.a,n.a,n.a,n.a,31.0~32.0,103,6%~9%,5%,,核电运营龙头，电价机制逐步稳定盈利预期，新机组投产和高分红属性支 撑防御配置价值。,0.96724
12,有色金属,铜,紫金矿业,107 990,431 962,22%,24%,20 000,85 000,52%,64%,,锂金铜量增明确，充分受益高价，资产全球布局,0.11686
12,有色金属,铜,洛阳钼业,68 000,275 000,39%,33%,8 500,33 000,80%,62%,,铜钴放量确定性强，TFM/KFM盈利贡献持续兑现,0.13646
12,有色金属,铜,金诚信,3 650,14 600,4%,5%,750,3 000,9%,28%,,矿服现金流托底，自有资源项目逐步放量，矿服龙头向资源平台转型逻辑,0.1583
12,有色金属,电解铝,中国铝业,63397,259443,5%,8%,5278,19201,49%,51%,,分红率仅37%，提升潜力大,0.17795
12,有色金属,电解铝,云铝股份,16368,63960,10%,7%,3643,13343,49%,120%,,绿电铝标的，成本较高，氧化铝敞口小，资产负债表优异，分红提升潜力,0.1976
12,有色金属,电解铝,天山铝业,8757,33585,18%,14%,2297,8777,124%,82%,,26-,0.21834
12,有色金属,能源金属,神火股份,12800,49502,18%,20%,2420,8970,102%,124%,,电解铝成本曲线左侧产能，氧化铝敞口小，煤炭业务或已度过最差时刻,0.23799
12,有色金属,能源金属,腾远钴业,2300,12500,11%,50%,400,1600,18%,44%,,钻业务具备较大弹性，铜业务产能扩张，利润基本盘稳增,0.25659
12,有色金属,能源金属,中稀有色,1 500,7 000,28%,20%,150,800,500%,525%,,氧化镝、氧化错钕价格均有望显著上涨；加工费均显著上涨；公司钨矿项,0.27836
12,有色金属,小金属,北方稀土,15 326,68 100,39%,33%,900,5 000,80%,122%,,氧化镨钕价格有望继续上行,0.29913
12,有色金属,小金属,华锡有色,1 800,7 500,17%,29%,270,1 400,20%,75%,,锡价格上行；广西关键金属矿权整合持续推进,0.31987
12,有色金属,小金属,金钼股份,4 780,17 250,30%,25%,1 150,5 500,63%,74%,,钼价新高可期：公司布局关键钼粉领域，有望得到估值提升,0.33843
12,石油石化,石油,中国海油,1217,4371,21%,10%,471,1457,43%,19%,,受益于美伊冲突及海峡封锁带来的油价上行,0.4737
12,石油石化,油服,中海油服,110,525,-12%,4%,9,42,-16%,10%,,海上钻井行业景气度持续上行,0.49454
12,石油石化,炼化,荣盛石化,853,3413,16%,11%,15,60,10614%,608%,,受冲突影响PTA、PX价差扩大，海外成品油利润突增,0.5131
12,石油石化,化纤,华峰化学,76,302,31%,25%,7,27,46%,45%,,行业供给出清，产品价格提升,0.53384
12,化工,精细化工,万华化学,60000,240700,25%,18%,5000,19000,38%,36%,,全球聚氨酯龙头，聚氨酯主业受地缘冲突盈利能力增强、石化+新材料（P OE/VA/MS等）持续延伸,0.69662
12,化工,精细化工,新化股份,850,3463,19%,18%,80,318,4%,22%,,脂肪胺主业盈利逆势提升、香料宁夏基地放量减亏，叠加电子级异内醇、,0.73581
12,化工,汽车零部件,赛轮轮胎,10551,44213,15%,20%,950,4013,20%,14%,,全球产能布局最大的中国轮胎龙头，越南/柬埔寨/印尼/墨西哥/埃及多基 地放量推动产销持续创新高,0.77729
12,化工,汽车零部件,森麒麟,2300,10020,11%,16%,184,1012,-41%,-10%,,摩洛哥1200万条工厂2026年进入投产放量、深耕高端化，欧盟反倾销终裁 税率显著下调利好出口,0.81892
12,化工,煤化工,华鲁恒升,12517,45769,57%,48%,1350,4900,57%,48%,,煤化工低成本龙头企业，兼具反内卷和未来碳中和逻辑，四季度新增产能,0.85917
12,化工,煤化工,宝丰能源,20198,59252,68%,23%,5500,14000,68%,23%,,煤制烯烃龙头，低成本优势，二季度业绩放量,0.88974
12,化工,农化,亚钾国际,2505,9870,91%,85%,900,3100,91%,85%,,新产能爬坡，业绩放量，盈利维持高位,0.91057
12,化工,农化,扬农股份,4000,11870,37%,14%,450,1400,21%,8%,,农药一体化龙头，葫芦岛一期全面投产贡献增量、二期推进中，新机理杀,0.93996
12,化工,电子陶瓷,国瓷材料,1415,5728,20%,25%,235,763,20%,25%,,mlcc粉高端放量，氧化锆涨价预期，低空经济，球硅小品量试用,0.97051
13,商贸零售,黄金珠宝,中国中免,12500,58991,11%,10%,1000,4987,65%,39%,,4月DFS大中华区并表增厚利润，机场渠道调改持续推进,0.09867
13,商贸零售,黄金珠宝,豫园股份,10847,36557,5%,1%,11,-666,0%,-86%,,黄金珠宝同店修复，地产拖累逐步出清,0.11349
13,商贸零售,黄金珠宝,老铺黄金,n.a,,n.a,58%,n.a,8565,n.a,76%,,门店点位优化同店高增持续，涨价后市场接受度好于预期，带动毛利率修 复,0.13682
13,商贸零售,黄金珠宝,潮宏基,1961,,6%,9%,168,732,18%,79%,V,毛利率提升或带动利润端超预期,0.1601
13,商贸零售,黄金珠宝,安克创新,8660,,26%,28%,622,3178,19%,25%,V,储能高增持续，下半年低基数，业绩逐季向上,0.17663
13,商贸零售,跨境电商,小商品城,5917,,30%,18%,1074,5057,21%,20%,,市场业务选位费逐步计提收入，AI及支付业务高增持续，进口业务政策有 望催化,0.19983
13,商贸零售,跨境电商,致欧科技,2435,,25%,26%,100,502,0 26,50%,V,消费降级受益，北美地区拓市场、拓大件产品，叠加亚马逊SC转VC带动毛 利率提升,0.23134
13,商贸零售,茶饮,古茗,n.a,,n.a,27%,n.a,3300,n.a,6%,,拓店持续推进，新SKU早餐与咖啡对冲补贴退坡压力，全年同店有望企稳,0.37241
13,商贸零售,茶饮,蜜雪集团,n.a,,n.a,10%,n.a,6500,n.a,12%,,平价茶饮龙头地位巩固，供应链优势持续释放,0.39552
13,商贸零售,酒店,锦江酒店,3700,,3%,4%,410,1189,22%,28%,,提质改革逐步见效，增长有望快于行业,0.41211
13,商贸零售,酒店,首旅酒店,1952,,3%,4%,288,925,13%,14%,,受益RevPAR企稳、轻资产标准管理店扩张和中高端占比提升，经营质量 持续改善,0.43532
13,纺服美护,运动户外,安踏体育,,85834,低单,7%,,14132,,4%,,品宣&运营能力a凸显,0.55307
13,纺服美护,运动户外,李宁,,32558,低单,10%,,3229,,10%,V,产品与组织架构调整顺利，全年业绩优于预期,0.56799
13,纺服美护,运动户外,特步国际,,14859,低单,5%,,1413,,3%,,,0.58285
13,纺服美护,运动户外,滔搏,,,高单下降,-2%,,1286,,0%,,,0.60695
13,纺服美护,运动户外,浙江自然,788,,15%,20%,157,211,8%,10%,,,0.63095
13,纺服美护,男装/女装,扬州金泉,545,,10%,10%,66,111,0%,2%,,,0.64594
13,纺服美护,男装/女装,报喜鸟,2462,,3%,7%,203,359,3%,5%,,,0.66254
13,纺服美护,男装/女装,比音勒芬,2314,,10%,10%,497,661,20%,20%,,,0.67745
13,纺服美护,男装/女装,森马服饰,6641,,8%,8%,471,1026,45%,15%,,,0.69403
13,纺服美护,男装/女装,海澜之家,12144,,5%,5%,1659,2274,5%,5%,,顺应消费降级趋势商业转型拓展创新市区奥莱业态，同时分红水平较高,0.71559
13,纺服美护,家纺,罗莱生活,2247,,3%,6%,223,598,20%,15%,,,0.74046
13,纺服美护,家纺,水星家纺,1940,,1%,6%,162,456,15%,12%,,,0.75616
13,纺服美护,家纺,稳健医疗,5826,,10%,10%,556,868,13%,13%,,,0.77114
13,纺服美护,中游代工,华利集团,12661,,0%,2%,1504,3207,-10%,0%,,,0.78693
13,纺服美护,中游代工,申洲国际,,,,4%,,5825,,0%,,26年订单预计双位数增长，出口链中估值低位,0.80348
13,纺服美护,中游代工,伟星股份,2571,,10%,8%,388,651,5%,1%,,,0.81841
13,纺服美护,中游代工,开润股份,2622,,8%,8%,215,381,15%,15%,,减持提前终止资金面压力释放，印尼工厂净利率提升且26年收入有望环比 提速,0.84163
13,纺服美护,中游代工,新澳股份,3193,6063,25%,20%,352,624,30%,30%,,毛价上行有望带动利润弹性持续释放,0.86567
13,纺服美护,纺织原材料,台华新材,3282,7048,,10%,,,,,,,0.9743
14,纺服美护,美容护理,毛戈平,,6857,,32%,,1635,,35%,,高端国货具备稀缺性，抖音渠道持续放量,0.08173
14,纺服美护,美容护理,上美股份,,10710,,27%,,1326,,37%,,,0.10459
14,纺服美护,美容护理,巨子生物,,6205,,12%,,2096,,9%,,低基数下新品驱动拐点，医美开启第二增长曲线,0.1262
14,纺服美护,美容护理,若羽臣,1267,5706,70%,67%,97,372,116%,92%,,保健品开始盈利，高端家清持续高增,0.14782
14,纺服美护,美容护理,珀菜雅,3 243,11286,8%,7%,433,1558,6%,4%,,,0.17198
14,纺服美护,美容护理,贝泰妮,1 565,6027,10%,10%,273,591,25%,25%,,,0.19357
14,纺服美护,医美,上海家化,2 041,7027,15%,11%,75,386,55%,53%,,,0.21517
14,纺服美护,医美,丸美生物,1 175,4946,28%,28%,52,598,31%,31%,,,0.23798
14,纺服美护,医美,锦波生物,561,2102,14%,14%,257,1045,15%,15%,,,0.26082
14,纺服美护,医美,乐普医疗,1 796,7792,10%,21%,344,1285,10%,23%,,,0.28255
14,食品饮料,白酒,贵州茅台,40047,178949,1%,4%,18370,83268,-1%,1%,,超高端白酒需求具备结构性景气＋市场化改革推进更好匹配供需,0.44952
14,食品饮料,白酒,五粮液,8351,53314,30%,32%,2505,17869,1107%,100%,,,0.47242
14,食品饮料,白酒,山西汾酒,6325,34527,-15%,-11%,1486,10049,-20%,-18%,,,0.49402
14,食品饮料,白酒,泸州老窖,6391,23694,-10%,-8%,2456,9875,-20%,-9%,,,0.51562
14,食品饮料,白酒,洋河股份,3729,16551,0%,-14%,777,2760,10%,25%,,,0.53846
14,食品饮料,白酒,古井贡酒,4024,17164,-15%,-9%,1065,3697,-20%,4%,,,0.5614
14,食品饮料,白酒,今世缘,1944,10015,5%,-2%,614,2486,5%,-5%,,,0.583
14,食品饮料,白酒,迎驾贡酒,1169,6400,5%,6%,326,2101,8%,6%,,,0.60457
14,食品饮料,白酒,舍得酒业,1125,4410,0%,0%,97,239,0%,7%,,,0.62861
14,食品饮料,白酒,水井坊,593,3257,10%,7%,30,570,-135%,40%,,,0.65021
14,食品饮料,调味品,金徽酒,664,2962,2%,1%,64,329,0%,-7%,,,0.67198
14,食品饮料,调味品,海天味业,7468,30991,8%,7%,1900,7878,11%,12%,,,0.69471
14,食品饮料,调味品,中炬高新,1237,4813,20%,15%,121,682,60%,27%,,,0.71745
14,食品饮料,调味品,干禾味业,526,2901,8%,13%,38,493,200%,42%,,,0.74038
14,食品饮料,调味品,天味食品,824,4025,10%,17%,138,695,20%,22%,,,0.76202
14,食品饮料,调味品,安琪酵母,4721,19217,15%,15%,507,1858,18%,20%,,,0.78486
14,食品饮料,零食,宝立食品,818,3333,15%,14%,67,295,15%,12%,,,0.80643
14,食品饮料,零食,洽洽食品,1217,7435,3%,13%,80,657,600%,106%,,,0.83058
14,食品饮料,零食,盐津铺子,1487,6412,6%,11%,218,863,12%,15%,,,0.85216
14,食品饮料,零食,劲仔食品,608,2922,15%,20%,51,298,15%,23%,,,0.8738
14,食品饮料,软饮,万辰集团,17054,68803,45%,34%,616,2694,140%,100%,,,0.89784
14,食品饮料,软饮,百润股份,827,3343,10%,14%,224,760,8%,19%,,,0.917
14,食品饮料,软饮,东鹏饮料,6595,24599,12%,18%,1562,5217,12%,18%,,,0.94111
14,食品饮料,速冻食品,安井食品,4725,18377,18%,13%,374,1829,33%,35%,,,0.96394
15,农林牧渔,生猪养殖,牧原股份,27045,118582,-33%,-18%,-4798,-3186,由盈转亏,由盈转亏,,,0.13231
15,农林牧渔,生猪养殖,温氏股份,20431,98980,-20%,-5%,-2628,-2162,由盈转亏,由盈转亏,,,0.15457
15,农林牧渔,牧业,现代牧业,3580,16789,/,8%,40,940,扭亏为盈,扭亏为盈,,,0.19775
15,农林牧渔,牧业,优然牧业,6254,21391,,4%,220,1450,扭亏为盈扭亏为盈,,,,0.22131
15,家电,白色家电,美的集团,128859,489513,4%,7%,13591,48212,0%,9%,,高股息+业绩稳健的白电龙头，DTC+海外研产销体系推进下C端高质量增,0.39914
15,家电,白色家电,海尔智家,77376,319358,0%,4%,5892,22160,-10%,6%,,全球OBM发展领先，国内推进数字变革增强竞争力，海外本土产能优势强,0.45801
15,家电,黑色家电,海信视像,14714,61999,6%,7%,594,2735,18%,13%,,作为内销龙头年初以来韧性凸现，26年体育赛事拉动下海外出货有望持续,0.51874
15,家电,黑色家电,TCL电子,32369,128574,10%,14%,1068,2964,15%,19%,,结构优化+费效提升逻辑持续兑现，盈利中枢有望继续提升，与索尼合作,0.56674
15,家电,小家电,苏泊尔,5862,24098,3%,5%,456,2303,3%,7%,,小家电龙头，近年渠道变革效果显著，持续推进品类扩张，有望随着新兴,0.62867
15,家电,小家电,石头科技,5146,28115,15%,50%,431,2388,5%,50%,,强品牌势能+份额持续提升的全球扫地机龙头，有望充分受益于全球扫地 机行业的成长,0.68501
15,家电,小家电,欧圣电气,423,2897,20%,40%,64,320,20%,40%,,马来产能利用率提升，主业盈利能力有望迎来修复，受益于养老经济和养,0.73536
15,家电,电池,安孚科技,1082,5013,3%,5%,60,384,69%,70%,,26年南孚股权回收有望继续增厚利润，易缆微作为第二曲线业务技术稀缺,0.78806
15,家电,消费电子,绿联科技,2797,12357,38%,38%,176,987,42%,45%,,海外渠道突破带动3C主业高增长，NAS行业需求加速释放，公司作为赛道 龙头有望充分受益,0.84441
